project,specified,new_build,capacity_type
E_Argentina_Coal_Sub_60s,,,gen_spec
E_Brazil_Biomass_60s,,,gen_spec
E_Brazil_Coal_Sub_60s,,,gen_spec
E_Argentina_Coal_Sub_70s,,,gen_spec
E_Brazil_Biomass_70s,,,gen_spec
E_Brazil_Coal_Sub_70s,,,gen_spec
E_Argentina_Coal_Sub_80s,,,gen_spec
E_Brazil_Biomass_80s,,,gen_spec
E_Argentina_Coal_Sub_90s,,,gen_spec
E_Brazil_Biomass_90s,,,gen_spec
E_Brazil_Coal_Sub_90s,,,gen_spec
E_Argentina_Diesel_00s,,,gen_spec
E_Brazil_Biomass_00s,,,gen_spec
E_Brazil_Coal_Sub_00s,,,gen_spec
E_Brazil_Diesel_00s,,,gen_spec
E_Argentina_Coal_Sub_10s,,,gen_spec
E_Argentina_Diesel_10s,,,gen_spec
E_Brazil_Biomass_10s,,,gen_spec
E_Brazil_Coal_Sub_10s,,,gen_spec
E_Brazil_Diesel_10s,,,gen_spec
E_Chile_Biomass_10s,,,gen_spec
E_Chile_Coal_Sub_10s,,,gen_spec
E_Chile_Diesel_10s,,,gen_spec
E_Uruguay_Biomass_10s,,,gen_spec
E_Uruguay_Diesel_10s,,,gen_spec
E_Argentina_Gas_OCGT_60s,,,gen_spec
E_Brazil_Gas_OCGT_60s,,,gen_spec
E_Argentina_Gas_OCGT_70s,,,gen_spec
E_Brazil_Gas_OCGT_70s,,,gen_spec
E_Argentina_Gas_OCGT_80s,,,gen_spec
E_Brazil_Gas_OCGT_80s,,,gen_spec
E_Argentina_Gas_OCGT_90s,,,gen_spec
E_Brazil_Gas_OCGT_90s,,,gen_spec
E_Argentina_Gas_OCGT_00s,,,gen_spec
E_Brazil_Gas_OCGT_00s,,,gen_spec
E_Argentina_Gas_OCGT_10s,,,gen_spec
E_Brazil_Gas_OCGT_10s,,,gen_spec
E_Chile_Gas_OCGT_10s,,,gen_spec
E_Uruguay_Gas_OCGT_10s,,,gen_spec
E_Argentina_Gas_CCGT_60s,,,gen_spec
E_Brazil_Gas_CCGT_60s,,,gen_spec
E_Argentina_Gas_CCGT_70s,,,gen_spec
E_Brazil_Gas_CCGT_70s,,,gen_spec
E_Argentina_Gas_CCGT_80s,,,gen_spec
E_Brazil_Gas_CCGT_80s,,,gen_spec
E_Argentina_Gas_CCGT_90s,,,gen_spec
E_Brazil_Gas_CCGT_90s,,,gen_spec
E_Argentina_Gas_CCGT_00s,,,gen_spec
E_Brazil_Gas_CCGT_00s,,,gen_spec
E_Argentina_Gas_CCGT_10s,,,gen_spec
E_Brazil_Gas_CCGT_10s,,,gen_spec
E_Chile_Gas_CCGT_10s,,,gen_spec
E_Argentina_Biomass_2015_rest,,,gen_spec
E_Argentina_Gas_CCGT_2002_rest,,,gen_spec
E_Argentina_Gas_OCGT_2002_rest,,,gen_spec
E_Argentina_Nuclear_2015_rest,,,gen_spec
E_Brazil_Biomass_2006_rest,,,gen_spec
E_Brazil_Coal_Sub_1996_rest,,,gen_spec
E_Brazil_Gas_CCGT_2005_rest,,,gen_spec
E_Brazil_Gas_OCGT_2005_rest,,,gen_spec
E_Brazil_Nuclear_2015_rest,,,gen_spec
E_Chile_Biomass_2015_rest,,,gen_spec
E_Chile_Gas_CCGT_2015_rest,,,gen_spec
E_Chile_Gas_OCGT_2015_rest,,,gen_spec
E_Chile_Geothermal_2015_rest,,,gen_spec
E_Paraguay_Biomass_2015_rest,,,gen_spec
E_Paraguay_Diesel_2015_rest,,,gen_spec
E_Uruguay_Biomass_2015_rest,,,gen_spec
E_Uruguay_Gas_OCGT_2015_rest,,,gen_spec
P_Argentina_Biomass,,,gen_spec
P_Argentina_Coal_Sub,,,gen_spec
P_Argentina_Coal_Sup,,,gen_spec
P_Argentina_Coal_IGCC,,,gen_spec
P_Argentina_Gas_OCGT,,,gen_spec
P_Argentina_Gas_CCGT,,,gen_spec
P_Argentina_Gas_ICE,,,gen_spec
P_Argentina_Diesel,,,gen_spec
P_Argentina_Nuclear,,,gen_spec
P_Brazil_Biomass,,,gen_spec
P_Brazil_Coal_Sub,,,gen_spec
P_Brazil_Coal_Sup,,,gen_spec
P_Brazil_Coal_IGCC,,,gen_spec
P_Brazil_Gas_OCGT,,,gen_spec
P_Brazil_Gas_CCGT,,,gen_spec
P_Brazil_Gas_ICE,,,gen_spec
P_Brazil_Diesel,,,gen_spec
P_Brazil_Nuclear,,,gen_spec
P_Chile_Biomass,,,gen_spec
P_Chile_Coal_Sub,,,gen_spec
P_Chile_Coal_Sup,,,gen_spec
P_Chile_Coal_IGCC,,,gen_spec
P_Chile_Gas_OCGT,,,gen_spec
P_Chile_Gas_CCGT,,,gen_spec
P_Chile_Gas_ICE,,,gen_spec
P_Chile_Diesel,,,gen_spec
P_Chile_Geothermal,,,gen_spec
P_Paraguay_Biomass,,,gen_spec
P_Paraguay_Coal_IGCC,,,gen_spec
P_Paraguay_Gas_ICE,,,gen_spec
P_Paraguay_Diesel,,,gen_spec
P_Uruguay_Biomass,,,gen_spec
P_Uruguay_Coal_IGCC,,,gen_spec
P_Uruguay_Gas_OCGT,,,gen_spec
P_Uruguay_Gas_ICE,,,gen_spec
P_Uruguay_Diesel,,,gen_spec
E_Hydro_Argentina_Colorado,,,gen_spec
E_Hydro_Argentina_De_la_Plata,,,gen_spec
E_Hydro_Argentina_Futaleufu,,,gen_spec
E_Hydro_Argentina_Negro,,,gen_spec
E_Hydro_Argentina_Unknown,,,gen_spec
E_Hydro_Brazil_Amazonas,,,gen_spec
E_Hydro_Brazil_De_la_Plata,,,gen_spec
E_Hydro_Brazil_Doce,,,gen_spec
E_Hydro_Brazil_Jacui_Camaqua_Jaguaron,,,gen_spec
E_Hydro_Brazil_Paraiba_do_Sul,,,gen_spec
E_Hydro_Brazil_Paranaiba,,,gen_spec
E_Hydro_Brazil_Sao_Francisco,,,gen_spec
E_Hydro_Brazil_Unknown,,,gen_spec
E_Hydro_Chile_Maule_Itata,,,gen_spec
E_Hydro_Chile_Unknown,,,gen_spec
E_Hydro_Paraguay_De_la_Plata,,,gen_spec
E_Hydro_Uruguay_De_la_Plata,,,gen_spec
E_Hydro_Argentina_wb_rest,,,gen_spec
E_Hydro_Brazil_wb_rest,,,gen_spec
E_Hydro_Chile_wb_rest,,,gen_spec
E_Hydro_Uruguay_wb_rest,,,gen_spec
P_Hydro_SArgentina_SAtlantic_Coast48,,,gen_spec
P_Hydro_SArgentina_SAtlantic_Coast49,,,gen_spec
P_Hydro_Negro51,,,gen_spec
P_Hydro_Negro52,,,gen_spec
P_Hydro_Negro53,,,gen_spec
P_Hydro_Negro54,,,gen_spec
P_Hydro_Negro55,,,gen_spec
P_Hydro_Negro56,,,gen_spec
P_Hydro_SAmerica_Colorado59,,,gen_spec
P_Hydro_La_Plata63,,,gen_spec
P_Hydro_Negro64,,,gen_spec
P_Hydro_Negro65,,,gen_spec
P_Hydro_SAmerica_Colorado69,,,gen_spec
P_Hydro_SAmerica_Colorado74,,,gen_spec
P_Hydro_SAmerica_Colorado80,,,gen_spec
P_Hydro_SAmerica_Colorado81,,,gen_spec
P_Hydro_Negro83,,,gen_spec
P_Hydro_La_Plata85,,,gen_spec
P_Hydro_La_Plata86,,,gen_spec
P_Hydro_La_Plata87,,,gen_spec
U_Hydro_SAmerica_Colorado89,,,gen_spec
P_Hydro_SChile_Pacific_Coast91,,,gen_spec
P_Hydro_SChile_Pacific_Coast94,,,gen_spec
P_Hydro_SChile_Pacific_Coast95,,,gen_spec
P_Hydro_SChile_Pacific_Coast97,,,gen_spec
P_Hydro_SAmerica_Colorado98,,,gen_spec
P_Hydro_SAmerica_Colorado99,,,gen_spec
P_Hydro_SChile_Pacific_Coast100,,,gen_spec
P_Hydro_SArgentina_SAtlantic_Coast101,,,gen_spec
P_Hydro_La_Plata104,,,gen_spec
P_Hydro_SArgentina_SAtlantic_Coast106,,,gen_spec
P_Hydro_SArgentina_SAtlantic_Coast108,,,gen_spec
P_Hydro_Negro112,,,gen_spec
P_Hydro_Mar_Chiquita113,,,gen_spec
P_Hydro_Negro114,,,gen_spec
P_Hydro_SAmerica_Colorado115,,,gen_spec
P_Hydro_La_Plata116,,,gen_spec
P_Hydro_Amazon911,,,gen_spec
P_Hydro_La_Plata960,,,gen_spec
U_Hydro_La_Plata961,,,gen_spec
U_Hydro_La_Plata962,,,gen_spec
P_Hydro_La_Plata963,,,gen_spec
P_Hydro_La_Plata964,,,gen_spec
P_Hydro_La_Plata965,,,gen_spec
P_Hydro_La_Plata968,,,gen_spec
P_Hydro_La_Plata969,,,gen_spec
P_Hydro_La_Plata970,,,gen_spec
P_Hydro_La_Plata973,,,gen_spec
P_Hydro_La_Plata975,,,gen_spec
P_Hydro_La_Plata976,,,gen_spec
P_Hydro_La_Plata977,,,gen_spec
P_Hydro_La_Plata979,,,gen_spec
P_Hydro_Uruguay_Brazil_SAtlantic_Coast981,,,gen_spec
P_Hydro_La_Plata982,,,gen_spec
P_Hydro_La_Plata983,,,gen_spec
P_Hydro_La_Plata984,,,gen_spec
P_Hydro_La_Plata985,,,gen_spec
P_Hydro_La_Plata986,,,gen_spec
U_Hydro_La_Plata987,,,gen_spec
P_Hydro_La_Plata991,,,gen_spec
P_Hydro_Uruguay_Brazil_SAtlantic_Coast993,,,gen_spec
P_Hydro_Uruguay_Brazil_SAtlantic_Coast994,,,gen_spec
P_Hydro_Uruguay_Brazil_SAtlantic_Coast995,,,gen_spec
P_Hydro_La_Plata997,,,gen_spec
P_Hydro_La_Plata999,,,gen_spec
P_Hydro_La_Plata1000,,,gen_spec
P_Hydro_Sao_Francisco1002,,,gen_spec
P_Hydro_Uruguay_Brazil_SAtlantic_Coast1003,,,gen_spec
P_Hydro_La_Plata1005,,,gen_spec
P_Hydro_Uruguay_Brazil_SAtlantic_Coast1006,,,gen_spec
P_Hydro_Uruguay_Brazil_SAtlantic_Coast1010,,,gen_spec
P_Hydro_Uruguay_Brazil_SAtlantic_Coast1012,,,gen_spec
P_Hydro_Uruguay_Brazil_SAtlantic_Coast1013,,,gen_spec
P_Hydro_Uruguay_Brazil_SAtlantic_Coast1014,,,gen_spec
P_Hydro_Sao_Francisco1016,,,gen_spec
P_Hydro_Sao_Francisco1018,,,gen_spec
P_Hydro_Uruguay_Brazil_SAtlantic_Coast1019,,,gen_spec
P_Hydro_La_Plata1020,,,gen_spec
P_Hydro_La_Plata1023,,,gen_spec
P_Hydro_La_Plata1025,,,gen_spec
P_Hydro_La_Plata1028,,,gen_spec
P_Hydro_La_Plata1029,,,gen_spec
P_Hydro_La_Plata1030,,,gen_spec
P_Hydro_Sao_Francisco1034,,,gen_spec
U_Hydro_La_Plata1035,,,gen_spec
P_Hydro_Tocantins1036,,,gen_spec
P_Hydro_Uruguay_Brazil_SAtlantic_Coast1037,,,gen_spec
P_Hydro_Tocantins1038,,,gen_spec
P_Hydro_Tocantins1043,,,gen_spec
P_Hydro_Tocantins1044,,,gen_spec
P_Hydro_Tocantins1046,,,gen_spec
P_Hydro_Tocantins1047,,,gen_spec
P_Hydro_Tocantins1051,,,gen_spec
P_Hydro_Sao_Francisco1053,,,gen_spec
P_Hydro_Tocantins1054,,,gen_spec
P_Hydro_Amazon1055,,,gen_spec
P_Hydro_Tocantins1056,,,gen_spec
P_Hydro_Tocantins1059,,,gen_spec
P_Hydro_Tocantins1060,,,gen_spec
P_Hydro_Tocantins1061,,,gen_spec
P_Hydro_Amazon1062,,,gen_spec
P_Hydro_Tocantins1063,,,gen_spec
U_Hydro_Amazon1064,,,gen_spec
P_Hydro_Tocantins1066,,,gen_spec
U_Hydro_Amazon1068,,,gen_spec
U_Hydro_Amazon1069,,,gen_spec
P_Hydro_Amazon1071,,,gen_spec
P_Hydro_Amazon1072,,,gen_spec
P_Hydro_Amazon1073,,,gen_spec
P_Hydro_Sao_Francisco1074,,,gen_spec
P_Hydro_Parnaiba1075,,,gen_spec
P_Hydro_Sao_Francisco1076,,,gen_spec
P_Hydro_Tocantins1077,,,gen_spec
P_Hydro_Parnaiba1078,,,gen_spec
P_Hydro_Parnaiba1079,,,gen_spec
P_Hydro_Parnaiba1080,,,gen_spec
P_Hydro_Parnaiba1081,,,gen_spec
P_Hydro_Amazon1082,,,gen_spec
P_Hydro_Parnaiba1083,,,gen_spec
P_Hydro_Amazon1084,,,gen_spec
P_Hydro_Tocantins1085,,,gen_spec
P_Hydro_Amazon1086,,,gen_spec
P_Hydro_Parnaiba1087,,,gen_spec
P_Hydro_Tocantins1088,,,gen_spec
P_Hydro_Tocantins1089,,,gen_spec
P_Hydro_Amazon1091,,,gen_spec
U_Hydro_Amazon1093,,,gen_spec
P_Hydro_Amazon1094,,,gen_spec
P_Hydro_Amazon1095,,,gen_spec
P_Hydro_Amazon1096,,,gen_spec
U_Hydro_Amazon1097,,,gen_spec
U_Hydro_NEast_SAmerica_SAtlantic_Coast1098,,,gen_spec
P_Hydro_NEast_SAmerica_SAtlantic_Coast1099,,,gen_spec
P_Hydro_SChile_Pacific_Coast1206,,,gen_spec
P_Hydro_SChile_Pacific_Coast1207,,,gen_spec
P_Hydro_SChile_Pacific_Coast1208,,,gen_spec
P_Hydro_NChile_Pacific_Coast1209,,,gen_spec
P_Hydro_NChile_Pacific_Coast1210,,,gen_spec
U_Hydro_SChile_Pacific_Coast1211,,,gen_spec
P_Hydro_SChile_Pacific_Coast1212,,,gen_spec
P_Hydro_SChile_Pacific_Coast1213,,,gen_spec
P_Hydro_SChile_Pacific_Coast1214,,,gen_spec
P_Hydro_SChile_Pacific_Coast1215,,,gen_spec
U_Hydro_SChile_Pacific_Coast1217,,,gen_spec
U_Hydro_Amazon1230,,,gen_spec
P_Hydro_Amazon1231,,,gen_spec
U_Hydro_Amazon1252,,,gen_spec
P_Hydro_Amazon1253,,,gen_spec
P_Hydro_Amazon1254,,,gen_spec
U_Hydro_Amazon1255,,,gen_spec
P_Hydro_Amazon1257,,,gen_spec
P_Hydro_Amazon1261,,,gen_spec
P_Hydro_Amazon1262,,,gen_spec
P_Hydro_Amazon1263,,,gen_spec
P_Hydro_Amazon1264,,,gen_spec
P_Hydro_Amazon1265,,,gen_spec
P_Hydro_Amazon1266,,,gen_spec
P_Hydro_Amazon1267,,,gen_spec
P_Hydro_Amazon1268,,,gen_spec
P_Hydro_Amazon1269,,,gen_spec
U_Hydro_Amazon1270,,,gen_spec
P_Hydro_Amazon1272,,,gen_spec
P_Hydro_Amazon1273,,,gen_spec
P_Hydro_Amazon1274,,,gen_spec
P_Hydro_Amazon1276,,,gen_spec
U_Hydro_Amazon1277,,,gen_spec
P_Hydro_Amazon1278,,,gen_spec
P_Hydro_Amazon1280,,,gen_spec
U_Hydro_Amazon1285,,,gen_spec
P_Hydro_Tocantins1286,,,gen_spec
P_Hydro_Tocantins1287,,,gen_spec
P_Hydro_Amazon1288,,,gen_spec
P_Hydro_Amazon1289,,,gen_spec
P_Hydro_Amazon1290,,,gen_spec
P_Hydro_Tocantins1291,,,gen_spec
P_Hydro_Tocantins1292,,,gen_spec
P_Hydro_La_Plata1293,,,gen_spec
P_Hydro_Tocantins1294,,,gen_spec
P_Hydro_Tocantins1295,,,gen_spec
P_Hydro_Tocantins1296,,,gen_spec
P_Hydro_Tocantins1297,,,gen_spec
U_Hydro_Tocantins1298,,,gen_spec
P_Hydro_Tocantins1299,,,gen_spec
P_Hydro_Tocantins1300,,,gen_spec
P_Hydro_Tocantins1301,,,gen_spec
P_Hydro_Tocantins1302,,,gen_spec
P_Hydro_Tocantins1303,,,gen_spec
P_Hydro_Tocantins1304,,,gen_spec
P_Hydro_Tocantins1305,,,gen_spec
P_Hydro_Tocantins1306,,,gen_spec
P_Hydro_Tocantins1308,,,gen_spec
P_Hydro_Tocantins1309,,,gen_spec
P_Hydro_Tocantins1310,,,gen_spec
U_Hydro_Uruguay_Brazil_SAtlantic_Coast1313,,,gen_spec
P_Hydro_Negro1314,,,gen_spec
U_Hydro_SChile_Pacific_Coast1315,,,gen_spec
U_Hydro_SChile_Pacific_Coast1316,,,gen_spec
U_Hydro_SChile_Pacific_Coast1324,,,gen_spec
P_Hydro_SChile_Pacific_Coast1325,,,gen_spec
U_Hydro_La_Plata1329,,,gen_spec
P_Hydro_SChile_Pacific_Coast3590,,,gen_spec
E_Argentina_SolarPV,,,gen_spec
E_Argentina_Wind,,,gen_spec
E_Brazil_SolarPV,,,gen_spec
E_Brazil_Wind,,,gen_spec
E_Chile_SolarPV,,,gen_spec
E_Chile_Wind,,,gen_spec
E_Uruguay_SolarPV,,,gen_spec
E_Uruguay_Wind,,,gen_spec
p_solar_Argentina_AR13,,,gen_spec
p_solar_Argentina_AR14,,,gen_spec
p_solar_Argentina_AR15,,,gen_spec
p_solar_Argentina_AR33,,,gen_spec
p_solar_Argentina_AR34,,,gen_spec
p_solar_Argentina_AR35,,,gen_spec
p_solar_Argentina_AR36,,,gen_spec
p_solar_Argentina_AR37,,,gen_spec
p_solar_Argentina_AR58,,,gen_spec
p_solar_Argentina_AR59,,,gen_spec
p_solar_Argentina_AR60,,,gen_spec
p_solar_Argentina_AR61,,,gen_spec
p_solar_Argentina_AR62,,,gen_spec
p_solar_Argentina_AR63,,,gen_spec
p_solar_Argentina_AR64,,,gen_spec
p_solar_Argentina_AR65,,,gen_spec
p_solar_Argentina_AR66,,,gen_spec
p_solar_Argentina_AR67,,,gen_spec
p_solar_Argentina_AR89,,,gen_spec
p_solar_Argentina_AR90,,,gen_spec
p_solar_Argentina_AR91,,,gen_spec
p_solar_Argentina_AR92,,,gen_spec
p_solar_Argentina_AR93,,,gen_spec
p_solar_Argentina_AR94,,,gen_spec
p_solar_Argentina_AR95,,,gen_spec
p_solar_Argentina_AR96,,,gen_spec
p_solar_Argentina_AR97,,,gen_spec
p_solar_Argentina_AR98,,,gen_spec
p_solar_Argentina_AR99,,,gen_spec
p_solar_Argentina_AR100,,,gen_spec
p_solar_Argentina_AR101,,,gen_spec
p_solar_Argentina_AR102,,,gen_spec
p_solar_Argentina_AR103,,,gen_spec
p_solar_Argentina_AR104,,,gen_spec
p_solar_Argentina_AR105,,,gen_spec
p_solar_Argentina_AR106,,,gen_spec
p_solar_Argentina_AR107,,,gen_spec
p_solar_Argentina_AR128,,,gen_spec
p_solar_Argentina_AR129,,,gen_spec
p_solar_Argentina_AR130,,,gen_spec
p_solar_Argentina_AR131,,,gen_spec
p_solar_Argentina_AR132,,,gen_spec
p_solar_Argentina_AR133,,,gen_spec
p_solar_Argentina_AR134,,,gen_spec
p_solar_Argentina_AR135,,,gen_spec
p_solar_Argentina_AR136,,,gen_spec
p_solar_Argentina_AR137,,,gen_spec
p_solar_Argentina_AR138,,,gen_spec
p_solar_Argentina_AR139,,,gen_spec
p_solar_Argentina_AR140,,,gen_spec
p_solar_Argentina_AR141,,,gen_spec
p_solar_Argentina_AR142,,,gen_spec
p_solar_Argentina_AR143,,,gen_spec
p_solar_Argentina_AR144,,,gen_spec
p_solar_Argentina_AR145,,,gen_spec
p_solar_Argentina_AR146,,,gen_spec
p_solar_Argentina_AR147,,,gen_spec
p_solar_Argentina_AR148,,,gen_spec
p_solar_Argentina_AR149,,,gen_spec
p_solar_Argentina_AR150,,,gen_spec
p_solar_Argentina_AR151,,,gen_spec
p_solar_Argentina_AR152,,,gen_spec
p_solar_Argentina_AR153,,,gen_spec
p_solar_Argentina_AR174,,,gen_spec
p_solar_Argentina_AR175,,,gen_spec
p_solar_Argentina_AR176,,,gen_spec
p_solar_Argentina_AR177,,,gen_spec
p_solar_Argentina_AR178,,,gen_spec
p_solar_Argentina_AR179,,,gen_spec
p_solar_Argentina_AR180,,,gen_spec
p_solar_Argentina_AR181,,,gen_spec
p_solar_Argentina_AR182,,,gen_spec
p_solar_Argentina_AR183,,,gen_spec
p_solar_Argentina_AR184,,,gen_spec
p_solar_Argentina_AR185,,,gen_spec
p_solar_Argentina_AR186,,,gen_spec
p_solar_Argentina_AR187,,,gen_spec
p_solar_Argentina_AR188,,,gen_spec
p_solar_Argentina_AR189,,,gen_spec
p_solar_Argentina_AR190,,,gen_spec
p_solar_Argentina_AR191,,,gen_spec
p_solar_Argentina_AR192,,,gen_spec
p_solar_Argentina_AR193,,,gen_spec
p_solar_Argentina_AR194,,,gen_spec
p_solar_Argentina_AR195,,,gen_spec
p_solar_Argentina_AR196,,,gen_spec
p_solar_Argentina_AR197,,,gen_spec
p_solar_Argentina_AR198,,,gen_spec
p_solar_Argentina_AR199,,,gen_spec
p_solar_Argentina_AR200,,,gen_spec
p_solar_Argentina_AR201,,,gen_spec
p_solar_Argentina_AR202,,,gen_spec
p_solar_Argentina_AR203,,,gen_spec
p_solar_Argentina_AR222,,,gen_spec
p_solar_Argentina_AR223,,,gen_spec
p_solar_Argentina_AR224,,,gen_spec
p_solar_Argentina_AR225,,,gen_spec
p_solar_Argentina_AR226,,,gen_spec
p_solar_Argentina_AR227,,,gen_spec
p_solar_Argentina_AR228,,,gen_spec
p_solar_Argentina_AR229,,,gen_spec
p_solar_Argentina_AR231,,,gen_spec
p_solar_Argentina_AR232,,,gen_spec
p_solar_Argentina_AR233,,,gen_spec
p_solar_Argentina_AR234,,,gen_spec
p_solar_Argentina_AR235,,,gen_spec
p_solar_Argentina_AR236,,,gen_spec
p_solar_Argentina_AR237,,,gen_spec
p_solar_Argentina_AR238,,,gen_spec
p_solar_Argentina_AR239,,,gen_spec
p_solar_Argentina_AR240,,,gen_spec
p_solar_Argentina_AR241,,,gen_spec
p_solar_Argentina_AR242,,,gen_spec
p_solar_Argentina_AR243,,,gen_spec
p_solar_Argentina_AR244,,,gen_spec
p_solar_Argentina_AR245,,,gen_spec
p_solar_Argentina_AR246,,,gen_spec
p_solar_Argentina_AR247,,,gen_spec
p_solar_Argentina_AR248,,,gen_spec
p_solar_Argentina_AR249,,,gen_spec
p_solar_Argentina_AR250,,,gen_spec
p_solar_Argentina_AR251,,,gen_spec
p_solar_Argentina_AR252,,,gen_spec
p_solar_Argentina_AR253,,,gen_spec
p_solar_Argentina_AR254,,,gen_spec
p_solar_Argentina_AR255,,,gen_spec
p_solar_Argentina_AR256,,,gen_spec
p_solar_Argentina_AR270,,,gen_spec
p_solar_Argentina_AR271,,,gen_spec
p_solar_Argentina_AR272,,,gen_spec
p_solar_Argentina_AR273,,,gen_spec
p_solar_Argentina_AR274,,,gen_spec
p_solar_Argentina_AR275,,,gen_spec
p_solar_Argentina_AR276,,,gen_spec
p_solar_Argentina_AR277,,,gen_spec
p_solar_Argentina_AR278,,,gen_spec
p_solar_Argentina_AR279,,,gen_spec
p_solar_Argentina_AR280,,,gen_spec
p_solar_Argentina_AR281,,,gen_spec
p_solar_Argentina_AR282,,,gen_spec
p_solar_Argentina_AR283,,,gen_spec
p_solar_Argentina_AR284,,,gen_spec
p_solar_Argentina_AR285,,,gen_spec
p_solar_Argentina_AR286,,,gen_spec
p_solar_Argentina_AR287,,,gen_spec
p_solar_Argentina_AR288,,,gen_spec
p_solar_Argentina_AR289,,,gen_spec
p_solar_Argentina_AR290,,,gen_spec
p_solar_Argentina_AR291,,,gen_spec
p_solar_Argentina_AR292,,,gen_spec
p_solar_Argentina_AR293,,,gen_spec
p_solar_Argentina_AR294,,,gen_spec
p_solar_Argentina_AR295,,,gen_spec
p_solar_Argentina_AR296,,,gen_spec
p_solar_Argentina_AR297,,,gen_spec
p_solar_Argentina_AR298,,,gen_spec
p_solar_Argentina_AR299,,,gen_spec
p_solar_Argentina_AR300,,,gen_spec
p_solar_Argentina_AR301,,,gen_spec
p_solar_Argentina_AR302,,,gen_spec
p_solar_Argentina_AR303,,,gen_spec
p_solar_Argentina_AR304,,,gen_spec
p_solar_Argentina_AR305,,,gen_spec
p_solar_Argentina_AR306,,,gen_spec
p_solar_Argentina_AR307,,,gen_spec
p_solar_Argentina_AR308,,,gen_spec
p_solar_Argentina_AR309,,,gen_spec
p_solar_Argentina_AR310,,,gen_spec
p_solar_Argentina_AR311,,,gen_spec
p_solar_Argentina_AR312,,,gen_spec
p_solar_Argentina_AR313,,,gen_spec
p_solar_Argentina_AR324,,,gen_spec
p_solar_Argentina_AR325,,,gen_spec
p_solar_Argentina_AR326,,,gen_spec
p_solar_Argentina_AR327,,,gen_spec
p_solar_Argentina_AR328,,,gen_spec
p_solar_Argentina_AR329,,,gen_spec
p_solar_Argentina_AR330,,,gen_spec
p_solar_Argentina_AR331,,,gen_spec
p_solar_Argentina_AR332,,,gen_spec
p_solar_Argentina_AR333,,,gen_spec
p_solar_Argentina_AR336,,,gen_spec
p_solar_Argentina_AR337,,,gen_spec
p_solar_Argentina_AR338,,,gen_spec
p_solar_Argentina_AR339,,,gen_spec
p_solar_Argentina_AR340,,,gen_spec
p_solar_Argentina_AR341,,,gen_spec
p_solar_Argentina_AR342,,,gen_spec
p_solar_Argentina_AR343,,,gen_spec
p_solar_Argentina_AR344,,,gen_spec
p_solar_Argentina_AR345,,,gen_spec
p_solar_Argentina_AR346,,,gen_spec
p_solar_Argentina_AR347,,,gen_spec
p_solar_Argentina_AR348,,,gen_spec
p_solar_Argentina_AR349,,,gen_spec
p_solar_Argentina_AR350,,,gen_spec
p_solar_Argentina_AR351,,,gen_spec
p_solar_Argentina_AR352,,,gen_spec
p_solar_Argentina_AR353,,,gen_spec
p_solar_Argentina_AR354,,,gen_spec
p_solar_Argentina_AR355,,,gen_spec
p_solar_Argentina_AR356,,,gen_spec
p_solar_Argentina_AR357,,,gen_spec
p_solar_Argentina_AR358,,,gen_spec
p_solar_Argentina_AR359,,,gen_spec
p_solar_Argentina_AR360,,,gen_spec
p_solar_Argentina_AR361,,,gen_spec
p_solar_Argentina_AR362,,,gen_spec
p_solar_Argentina_AR363,,,gen_spec
p_solar_Argentina_AR364,,,gen_spec
p_solar_Argentina_AR365,,,gen_spec
p_solar_Argentina_AR366,,,gen_spec
p_solar_Argentina_AR367,,,gen_spec
p_solar_Argentina_AR368,,,gen_spec
p_solar_Argentina_AR369,,,gen_spec
p_solar_Argentina_AR379,,,gen_spec
p_solar_Argentina_AR380,,,gen_spec
p_solar_Argentina_AR381,,,gen_spec
p_solar_Argentina_AR382,,,gen_spec
p_solar_Argentina_AR383,,,gen_spec
p_solar_Argentina_AR384,,,gen_spec
p_solar_Argentina_AR385,,,gen_spec
p_solar_Argentina_AR386,,,gen_spec
p_solar_Argentina_AR387,,,gen_spec
p_solar_Argentina_AR388,,,gen_spec
p_solar_Argentina_AR393,,,gen_spec
p_solar_Argentina_AR394,,,gen_spec
p_solar_Argentina_AR395,,,gen_spec
p_solar_Argentina_AR396,,,gen_spec
p_solar_Argentina_AR397,,,gen_spec
p_solar_Argentina_AR398,,,gen_spec
p_solar_Argentina_AR399,,,gen_spec
p_solar_Argentina_AR400,,,gen_spec
p_solar_Argentina_AR401,,,gen_spec
p_solar_Argentina_AR402,,,gen_spec
p_solar_Argentina_AR403,,,gen_spec
p_solar_Argentina_AR404,,,gen_spec
p_solar_Argentina_AR405,,,gen_spec
p_solar_Argentina_AR406,,,gen_spec
p_solar_Argentina_AR407,,,gen_spec
p_solar_Argentina_AR408,,,gen_spec
p_solar_Argentina_AR409,,,gen_spec
p_solar_Argentina_AR410,,,gen_spec
p_solar_Argentina_AR411,,,gen_spec
p_solar_Argentina_AR412,,,gen_spec
p_solar_Argentina_AR413,,,gen_spec
p_solar_Argentina_AR414,,,gen_spec
p_solar_Argentina_AR415,,,gen_spec
p_solar_Argentina_AR416,,,gen_spec
p_solar_Argentina_AR417,,,gen_spec
p_solar_Argentina_AR418,,,gen_spec
p_solar_Argentina_AR419,,,gen_spec
p_solar_Argentina_AR420,,,gen_spec
p_solar_Argentina_AR421,,,gen_spec
p_solar_Argentina_AR422,,,gen_spec
p_solar_Argentina_AR423,,,gen_spec
p_solar_Argentina_AR424,,,gen_spec
p_solar_Argentina_AR430,,,gen_spec
p_solar_Argentina_AR431,,,gen_spec
p_solar_Argentina_AR432,,,gen_spec
p_solar_Argentina_AR434,,,gen_spec
p_solar_Argentina_AR435,,,gen_spec
p_solar_Argentina_AR436,,,gen_spec
p_solar_Argentina_AR437,,,gen_spec
p_solar_Argentina_AR438,,,gen_spec
p_solar_Argentina_AR439,,,gen_spec
p_solar_Argentina_AR440,,,gen_spec
p_solar_Argentina_AR447,,,gen_spec
p_solar_Argentina_AR448,,,gen_spec
p_solar_Argentina_AR449,,,gen_spec
p_solar_Argentina_AR450,,,gen_spec
p_solar_Argentina_AR451,,,gen_spec
p_solar_Argentina_AR452,,,gen_spec
p_solar_Argentina_AR453,,,gen_spec
p_solar_Argentina_AR454,,,gen_spec
p_solar_Argentina_AR455,,,gen_spec
p_solar_Argentina_AR456,,,gen_spec
p_solar_Argentina_AR457,,,gen_spec
p_solar_Argentina_AR458,,,gen_spec
p_solar_Argentina_AR459,,,gen_spec
p_solar_Argentina_AR460,,,gen_spec
p_solar_Argentina_AR461,,,gen_spec
p_solar_Argentina_AR462,,,gen_spec
p_solar_Argentina_AR463,,,gen_spec
p_solar_Argentina_AR464,,,gen_spec
p_solar_Argentina_AR465,,,gen_spec
p_solar_Argentina_AR466,,,gen_spec
p_solar_Argentina_AR467,,,gen_spec
p_solar_Argentina_AR468,,,gen_spec
p_solar_Argentina_AR469,,,gen_spec
p_solar_Argentina_AR470,,,gen_spec
p_solar_Argentina_AR471,,,gen_spec
p_solar_Argentina_AR472,,,gen_spec
p_solar_Argentina_AR473,,,gen_spec
p_solar_Argentina_AR474,,,gen_spec
p_solar_Argentina_AR475,,,gen_spec
p_solar_Argentina_AR476,,,gen_spec
p_solar_Argentina_AR479,,,gen_spec
p_solar_Argentina_AR480,,,gen_spec
p_solar_Argentina_AR481,,,gen_spec
p_solar_Argentina_AR482,,,gen_spec
p_solar_Argentina_AR483,,,gen_spec
p_solar_Argentina_AR484,,,gen_spec
p_solar_Argentina_AR485,,,gen_spec
p_solar_Argentina_AR486,,,gen_spec
p_solar_Argentina_AR487,,,gen_spec
p_solar_Argentina_AR488,,,gen_spec
p_solar_Argentina_AR489,,,gen_spec
p_solar_Argentina_AR490,,,gen_spec
p_solar_Argentina_AR497,,,gen_spec
p_solar_Argentina_AR498,,,gen_spec
p_solar_Argentina_AR499,,,gen_spec
p_solar_Argentina_AR500,,,gen_spec
p_solar_Argentina_AR502,,,gen_spec
p_solar_Argentina_AR503,,,gen_spec
p_solar_Argentina_AR504,,,gen_spec
p_solar_Argentina_AR505,,,gen_spec
p_solar_Argentina_AR506,,,gen_spec
p_solar_Argentina_AR507,,,gen_spec
p_solar_Argentina_AR508,,,gen_spec
p_solar_Argentina_AR509,,,gen_spec
p_solar_Argentina_AR510,,,gen_spec
p_solar_Argentina_AR511,,,gen_spec
p_solar_Argentina_AR512,,,gen_spec
p_solar_Argentina_AR513,,,gen_spec
p_solar_Argentina_AR514,,,gen_spec
p_solar_Argentina_AR515,,,gen_spec
p_solar_Argentina_AR516,,,gen_spec
p_solar_Argentina_AR517,,,gen_spec
p_solar_Argentina_AR518,,,gen_spec
p_solar_Argentina_AR519,,,gen_spec
p_solar_Argentina_AR520,,,gen_spec
p_solar_Argentina_AR521,,,gen_spec
p_solar_Argentina_AR522,,,gen_spec
p_solar_Argentina_AR523,,,gen_spec
p_solar_Argentina_AR524,,,gen_spec
p_solar_Argentina_AR525,,,gen_spec
p_solar_Argentina_AR526,,,gen_spec
p_solar_Argentina_AR528,,,gen_spec
p_solar_Argentina_AR529,,,gen_spec
p_solar_Argentina_AR530,,,gen_spec
p_solar_Argentina_AR531,,,gen_spec
p_solar_Argentina_AR532,,,gen_spec
p_solar_Argentina_AR533,,,gen_spec
p_solar_Argentina_AR534,,,gen_spec
p_solar_Argentina_AR535,,,gen_spec
p_solar_Argentina_AR537,,,gen_spec
p_solar_Argentina_AR538,,,gen_spec
p_solar_Argentina_AR539,,,gen_spec
p_solar_Argentina_AR549,,,gen_spec
p_solar_Argentina_AR550,,,gen_spec
p_solar_Argentina_AR551,,,gen_spec
p_solar_Argentina_AR552,,,gen_spec
p_solar_Argentina_AR553,,,gen_spec
p_solar_Argentina_AR554,,,gen_spec
p_solar_Argentina_AR555,,,gen_spec
p_solar_Argentina_AR556,,,gen_spec
p_solar_Argentina_AR557,,,gen_spec
p_solar_Argentina_AR558,,,gen_spec
p_solar_Argentina_AR559,,,gen_spec
p_solar_Argentina_AR560,,,gen_spec
p_solar_Argentina_AR561,,,gen_spec
p_solar_Argentina_AR562,,,gen_spec
p_solar_Argentina_AR563,,,gen_spec
p_solar_Argentina_AR564,,,gen_spec
p_solar_Argentina_AR565,,,gen_spec
p_solar_Argentina_AR566,,,gen_spec
p_solar_Argentina_AR567,,,gen_spec
p_solar_Argentina_AR568,,,gen_spec
p_solar_Argentina_AR569,,,gen_spec
p_solar_Argentina_AR570,,,gen_spec
p_solar_Argentina_AR571,,,gen_spec
p_solar_Argentina_AR572,,,gen_spec
p_solar_Argentina_AR573,,,gen_spec
p_solar_Argentina_AR574,,,gen_spec
p_solar_Argentina_AR576,,,gen_spec
p_solar_Argentina_AR577,,,gen_spec
p_solar_Argentina_AR578,,,gen_spec
p_solar_Argentina_AR579,,,gen_spec
p_solar_Argentina_AR580,,,gen_spec
p_solar_Argentina_AR581,,,gen_spec
p_solar_Argentina_AR582,,,gen_spec
p_solar_Argentina_AR583,,,gen_spec
p_solar_Argentina_AR584,,,gen_spec
p_solar_Argentina_AR585,,,gen_spec
p_solar_Argentina_AR586,,,gen_spec
p_solar_Argentina_AR600,,,gen_spec
p_solar_Argentina_AR601,,,gen_spec
p_solar_Argentina_AR602,,,gen_spec
p_solar_Argentina_AR603,,,gen_spec
p_solar_Argentina_AR604,,,gen_spec
p_solar_Argentina_AR605,,,gen_spec
p_solar_Argentina_AR606,,,gen_spec
p_solar_Argentina_AR607,,,gen_spec
p_solar_Argentina_AR608,,,gen_spec
p_solar_Argentina_AR609,,,gen_spec
p_solar_Argentina_AR610,,,gen_spec
p_solar_Argentina_AR611,,,gen_spec
p_solar_Argentina_AR612,,,gen_spec
p_solar_Argentina_AR613,,,gen_spec
p_solar_Argentina_AR614,,,gen_spec
p_solar_Argentina_AR615,,,gen_spec
p_solar_Argentina_AR616,,,gen_spec
p_solar_Argentina_AR617,,,gen_spec
p_solar_Argentina_AR618,,,gen_spec
p_solar_Argentina_AR620,,,gen_spec
p_solar_Argentina_AR621,,,gen_spec
p_solar_Argentina_AR622,,,gen_spec
p_solar_Argentina_AR623,,,gen_spec
p_solar_Argentina_AR624,,,gen_spec
p_solar_Argentina_AR625,,,gen_spec
p_solar_Argentina_AR626,,,gen_spec
p_solar_Argentina_AR627,,,gen_spec
p_solar_Argentina_AR628,,,gen_spec
p_solar_Argentina_AR629,,,gen_spec
p_solar_Argentina_AR630,,,gen_spec
p_solar_Argentina_AR645,,,gen_spec
p_solar_Argentina_AR646,,,gen_spec
p_solar_Argentina_AR647,,,gen_spec
p_solar_Argentina_AR648,,,gen_spec
p_solar_Argentina_AR649,,,gen_spec
p_solar_Argentina_AR650,,,gen_spec
p_solar_Argentina_AR651,,,gen_spec
p_solar_Argentina_AR652,,,gen_spec
p_solar_Argentina_AR653,,,gen_spec
p_solar_Argentina_AR654,,,gen_spec
p_solar_Argentina_AR655,,,gen_spec
p_solar_Argentina_AR656,,,gen_spec
p_solar_Argentina_AR657,,,gen_spec
p_solar_Argentina_AR658,,,gen_spec
p_solar_Argentina_AR659,,,gen_spec
p_solar_Argentina_AR660,,,gen_spec
p_solar_Argentina_AR661,,,gen_spec
p_solar_Argentina_AR662,,,gen_spec
p_solar_Argentina_AR663,,,gen_spec
p_solar_Argentina_AR664,,,gen_spec
p_solar_Argentina_AR665,,,gen_spec
p_solar_Argentina_AR666,,,gen_spec
p_solar_Argentina_AR667,,,gen_spec
p_solar_Argentina_AR684,,,gen_spec
p_solar_Argentina_AR685,,,gen_spec
p_solar_Argentina_AR686,,,gen_spec
p_solar_Argentina_AR687,,,gen_spec
p_solar_Argentina_AR688,,,gen_spec
p_solar_Argentina_AR689,,,gen_spec
p_solar_Argentina_AR690,,,gen_spec
p_solar_Argentina_AR691,,,gen_spec
p_solar_Argentina_AR692,,,gen_spec
p_solar_Argentina_AR693,,,gen_spec
p_solar_Argentina_AR694,,,gen_spec
p_solar_Argentina_AR695,,,gen_spec
p_solar_Argentina_AR696,,,gen_spec
p_solar_Argentina_AR724,,,gen_spec
p_solar_Argentina_AR725,,,gen_spec
p_solar_Argentina_AR726,,,gen_spec
p_solar_Argentina_AR727,,,gen_spec
p_solar_Argentina_AR728,,,gen_spec
p_solar_Argentina_AR729,,,gen_spec
p_solar_Argentina_AR730,,,gen_spec
p_solar_Argentina_AR731,,,gen_spec
p_solar_Argentina_AR732,,,gen_spec
p_solar_Argentina_AR733,,,gen_spec
p_solar_Argentina_AR734,,,gen_spec
p_solar_Argentina_AR735,,,gen_spec
p_solar_Argentina_AR736,,,gen_spec
p_solar_Argentina_AR737,,,gen_spec
p_solar_Argentina_AR764,,,gen_spec
p_solar_Argentina_AR765,,,gen_spec
p_solar_Argentina_AR766,,,gen_spec
p_solar_Argentina_AR767,,,gen_spec
p_solar_Argentina_AR768,,,gen_spec
p_solar_Argentina_AR769,,,gen_spec
p_solar_Argentina_AR770,,,gen_spec
p_solar_Argentina_AR771,,,gen_spec
p_solar_Argentina_AR772,,,gen_spec
p_solar_Argentina_AR773,,,gen_spec
p_solar_Argentina_AR774,,,gen_spec
p_solar_Argentina_AR775,,,gen_spec
p_solar_Argentina_AR802,,,gen_spec
p_solar_Argentina_AR803,,,gen_spec
p_solar_Argentina_AR804,,,gen_spec
p_solar_Argentina_AR805,,,gen_spec
p_solar_Argentina_AR806,,,gen_spec
p_solar_Argentina_AR807,,,gen_spec
p_solar_Argentina_AR808,,,gen_spec
p_solar_Argentina_AR809,,,gen_spec
p_solar_Argentina_AR810,,,gen_spec
p_solar_Argentina_AR811,,,gen_spec
p_solar_Argentina_AR812,,,gen_spec
p_solar_Argentina_AR813,,,gen_spec
p_solar_Argentina_AR839,,,gen_spec
p_solar_Argentina_AR840,,,gen_spec
p_solar_Argentina_AR841,,,gen_spec
p_solar_Argentina_AR842,,,gen_spec
p_solar_Argentina_AR843,,,gen_spec
p_solar_Argentina_AR844,,,gen_spec
p_solar_Argentina_AR845,,,gen_spec
p_solar_Argentina_AR846,,,gen_spec
p_solar_Argentina_AR847,,,gen_spec
p_solar_Argentina_AR848,,,gen_spec
p_solar_Argentina_AR873,,,gen_spec
p_solar_Argentina_AR874,,,gen_spec
p_solar_Argentina_AR875,,,gen_spec
p_solar_Argentina_AR876,,,gen_spec
p_solar_Argentina_AR877,,,gen_spec
p_solar_Argentina_AR878,,,gen_spec
p_solar_Argentina_AR879,,,gen_spec
p_solar_Argentina_AR880,,,gen_spec
p_solar_Argentina_AR905,,,gen_spec
p_solar_Argentina_AR906,,,gen_spec
p_solar_Argentina_AR907,,,gen_spec
p_solar_Argentina_AR908,,,gen_spec
p_solar_Argentina_AR909,,,gen_spec
p_solar_Argentina_AR910,,,gen_spec
p_solar_Argentina_AR911,,,gen_spec
p_solar_Brazil_BR523,,,gen_spec
p_solar_Brazil_BR599,,,gen_spec
p_solar_Brazil_BR640,,,gen_spec
p_solar_Brazil_BR641,,,gen_spec
p_solar_Brazil_BR678,,,gen_spec
p_solar_Brazil_BR679,,,gen_spec
p_solar_Brazil_BR680,,,gen_spec
p_solar_Brazil_BR681,,,gen_spec
p_solar_Brazil_BR713,,,gen_spec
p_solar_Brazil_BR714,,,gen_spec
p_solar_Brazil_BR715,,,gen_spec
p_solar_Brazil_BR716,,,gen_spec
p_solar_Brazil_BR717,,,gen_spec
p_solar_Brazil_BR745,,,gen_spec
p_solar_Brazil_BR746,,,gen_spec
p_solar_Brazil_BR747,,,gen_spec
p_solar_Brazil_BR748,,,gen_spec
p_solar_Brazil_BR749,,,gen_spec
p_solar_Brazil_BR750,,,gen_spec
p_solar_Brazil_BR751,,,gen_spec
p_solar_Brazil_BR752,,,gen_spec
p_solar_Brazil_BR783,,,gen_spec
p_solar_Brazil_BR784,,,gen_spec
p_solar_Brazil_BR785,,,gen_spec
p_solar_Brazil_BR786,,,gen_spec
p_solar_Brazil_BR787,,,gen_spec
p_solar_Brazil_BR788,,,gen_spec
p_solar_Brazil_BR789,,,gen_spec
p_solar_Brazil_BR790,,,gen_spec
p_solar_Brazil_BR821,,,gen_spec
p_solar_Brazil_BR822,,,gen_spec
p_solar_Brazil_BR823,,,gen_spec
p_solar_Brazil_BR824,,,gen_spec
p_solar_Brazil_BR825,,,gen_spec
p_solar_Brazil_BR826,,,gen_spec
p_solar_Brazil_BR827,,,gen_spec
p_solar_Brazil_BR829,,,gen_spec
p_solar_Brazil_BR830,,,gen_spec
p_solar_Brazil_BR831,,,gen_spec
p_solar_Brazil_BR832,,,gen_spec
p_solar_Brazil_BR833,,,gen_spec
p_solar_Brazil_BR834,,,gen_spec
p_solar_Brazil_BR867,,,gen_spec
p_solar_Brazil_BR868,,,gen_spec
p_solar_Brazil_BR869,,,gen_spec
p_solar_Brazil_BR870,,,gen_spec
p_solar_Brazil_BR871,,,gen_spec
p_solar_Brazil_BR872,,,gen_spec
p_solar_Brazil_BR873,,,gen_spec
p_solar_Brazil_BR874,,,gen_spec
p_solar_Brazil_BR876,,,gen_spec
p_solar_Brazil_BR877,,,gen_spec
p_solar_Brazil_BR878,,,gen_spec
p_solar_Brazil_BR879,,,gen_spec
p_solar_Brazil_BR880,,,gen_spec
p_solar_Brazil_BR881,,,gen_spec
p_solar_Brazil_BR882,,,gen_spec
p_solar_Brazil_BR883,,,gen_spec
p_solar_Brazil_BR916,,,gen_spec
p_solar_Brazil_BR917,,,gen_spec
p_solar_Brazil_BR918,,,gen_spec
p_solar_Brazil_BR919,,,gen_spec
p_solar_Brazil_BR920,,,gen_spec
p_solar_Brazil_BR921,,,gen_spec
p_solar_Brazil_BR922,,,gen_spec
p_solar_Brazil_BR923,,,gen_spec
p_solar_Brazil_BR924,,,gen_spec
p_solar_Brazil_BR925,,,gen_spec
p_solar_Brazil_BR926,,,gen_spec
p_solar_Brazil_BR927,,,gen_spec
p_solar_Brazil_BR928,,,gen_spec
p_solar_Brazil_BR929,,,gen_spec
p_solar_Brazil_BR930,,,gen_spec
p_solar_Brazil_BR931,,,gen_spec
p_solar_Brazil_BR932,,,gen_spec
p_solar_Brazil_BR962,,,gen_spec
p_solar_Brazil_BR965,,,gen_spec
p_solar_Brazil_BR966,,,gen_spec
p_solar_Brazil_BR967,,,gen_spec
p_solar_Brazil_BR968,,,gen_spec
p_solar_Brazil_BR969,,,gen_spec
p_solar_Brazil_BR970,,,gen_spec
p_solar_Brazil_BR971,,,gen_spec
p_solar_Brazil_BR972,,,gen_spec
p_solar_Brazil_BR973,,,gen_spec
p_solar_Brazil_BR974,,,gen_spec
p_solar_Brazil_BR975,,,gen_spec
p_solar_Brazil_BR976,,,gen_spec
p_solar_Brazil_BR977,,,gen_spec
p_solar_Brazil_BR978,,,gen_spec
p_solar_Brazil_BR979,,,gen_spec
p_solar_Brazil_BR980,,,gen_spec
p_solar_Brazil_BR982,,,gen_spec
p_solar_Brazil_BR983,,,gen_spec
p_solar_Brazil_BR1015,,,gen_spec
p_solar_Brazil_BR1017,,,gen_spec
p_solar_Brazil_BR1018,,,gen_spec
p_solar_Brazil_BR1019,,,gen_spec
p_solar_Brazil_BR1020,,,gen_spec
p_solar_Brazil_BR1021,,,gen_spec
p_solar_Brazil_BR1022,,,gen_spec
p_solar_Brazil_BR1023,,,gen_spec
p_solar_Brazil_BR1024,,,gen_spec
p_solar_Brazil_BR1025,,,gen_spec
p_solar_Brazil_BR1026,,,gen_spec
p_solar_Brazil_BR1027,,,gen_spec
p_solar_Brazil_BR1028,,,gen_spec
p_solar_Brazil_BR1029,,,gen_spec
p_solar_Brazil_BR1030,,,gen_spec
p_solar_Brazil_BR1031,,,gen_spec
p_solar_Brazil_BR1032,,,gen_spec
p_solar_Brazil_BR1033,,,gen_spec
p_solar_Brazil_BR1038,,,gen_spec
p_solar_Brazil_BR1039,,,gen_spec
p_solar_Brazil_BR1072,,,gen_spec
p_solar_Brazil_BR1073,,,gen_spec
p_solar_Brazil_BR1074,,,gen_spec
p_solar_Brazil_BR1075,,,gen_spec
p_solar_Brazil_BR1076,,,gen_spec
p_solar_Brazil_BR1077,,,gen_spec
p_solar_Brazil_BR1078,,,gen_spec
p_solar_Brazil_BR1079,,,gen_spec
p_solar_Brazil_BR1080,,,gen_spec
p_solar_Brazil_BR1081,,,gen_spec
p_solar_Brazil_BR1082,,,gen_spec
p_solar_Brazil_BR1083,,,gen_spec
p_solar_Brazil_BR1084,,,gen_spec
p_solar_Brazil_BR1085,,,gen_spec
p_solar_Brazil_BR1086,,,gen_spec
p_solar_Brazil_BR1087,,,gen_spec
p_solar_Brazil_BR1088,,,gen_spec
p_solar_Brazil_BR1089,,,gen_spec
p_solar_Brazil_BR1090,,,gen_spec
p_solar_Brazil_BR1091,,,gen_spec
p_solar_Brazil_BR1092,,,gen_spec
p_solar_Brazil_BR1131,,,gen_spec
p_solar_Brazil_BR1132,,,gen_spec
p_solar_Brazil_BR1133,,,gen_spec
p_solar_Brazil_BR1134,,,gen_spec
p_solar_Brazil_BR1135,,,gen_spec
p_solar_Brazil_BR1136,,,gen_spec
p_solar_Brazil_BR1137,,,gen_spec
p_solar_Brazil_BR1138,,,gen_spec
p_solar_Brazil_BR1139,,,gen_spec
p_solar_Brazil_BR1140,,,gen_spec
p_solar_Brazil_BR1141,,,gen_spec
p_solar_Brazil_BR1142,,,gen_spec
p_solar_Brazil_BR1143,,,gen_spec
p_solar_Brazil_BR1144,,,gen_spec
p_solar_Brazil_BR1145,,,gen_spec
p_solar_Brazil_BR1146,,,gen_spec
p_solar_Brazil_BR1147,,,gen_spec
p_solar_Brazil_BR1148,,,gen_spec
p_solar_Brazil_BR1149,,,gen_spec
p_solar_Brazil_BR1150,,,gen_spec
p_solar_Brazil_BR1151,,,gen_spec
p_solar_Brazil_BR1191,,,gen_spec
p_solar_Brazil_BR1192,,,gen_spec
p_solar_Brazil_BR1193,,,gen_spec
p_solar_Brazil_BR1194,,,gen_spec
p_solar_Brazil_BR1195,,,gen_spec
p_solar_Brazil_BR1196,,,gen_spec
p_solar_Brazil_BR1197,,,gen_spec
p_solar_Brazil_BR1198,,,gen_spec
p_solar_Brazil_BR1199,,,gen_spec
p_solar_Brazil_BR1200,,,gen_spec
p_solar_Brazil_BR1201,,,gen_spec
p_solar_Brazil_BR1202,,,gen_spec
p_solar_Brazil_BR1203,,,gen_spec
p_solar_Brazil_BR1204,,,gen_spec
p_solar_Brazil_BR1205,,,gen_spec
p_solar_Brazil_BR1206,,,gen_spec
p_solar_Brazil_BR1207,,,gen_spec
p_solar_Brazil_BR1208,,,gen_spec
p_solar_Brazil_BR1209,,,gen_spec
p_solar_Brazil_BR1210,,,gen_spec
p_solar_Brazil_BR1211,,,gen_spec
p_solar_Brazil_BR1256,,,gen_spec
p_solar_Brazil_BR1257,,,gen_spec
p_solar_Brazil_BR1258,,,gen_spec
p_solar_Brazil_BR1259,,,gen_spec
p_solar_Brazil_BR1260,,,gen_spec
p_solar_Brazil_BR1261,,,gen_spec
p_solar_Brazil_BR1262,,,gen_spec
p_solar_Brazil_BR1263,,,gen_spec
p_solar_Brazil_BR1264,,,gen_spec
p_solar_Brazil_BR1265,,,gen_spec
p_solar_Brazil_BR1266,,,gen_spec
p_solar_Brazil_BR1267,,,gen_spec
p_solar_Brazil_BR1268,,,gen_spec
p_solar_Brazil_BR1269,,,gen_spec
p_solar_Brazil_BR1270,,,gen_spec
p_solar_Brazil_BR1271,,,gen_spec
p_solar_Brazil_BR1272,,,gen_spec
p_solar_Brazil_BR1273,,,gen_spec
p_solar_Brazil_BR1274,,,gen_spec
p_solar_Brazil_BR1275,,,gen_spec
p_solar_Brazil_BR1276,,,gen_spec
p_solar_Brazil_BR1290,,,gen_spec
p_solar_Brazil_BR1322,,,gen_spec
p_solar_Brazil_BR1323,,,gen_spec
p_solar_Brazil_BR1324,,,gen_spec
p_solar_Brazil_BR1325,,,gen_spec
p_solar_Brazil_BR1326,,,gen_spec
p_solar_Brazil_BR1327,,,gen_spec
p_solar_Brazil_BR1328,,,gen_spec
p_solar_Brazil_BR1329,,,gen_spec
p_solar_Brazil_BR1330,,,gen_spec
p_solar_Brazil_BR1331,,,gen_spec
p_solar_Brazil_BR1332,,,gen_spec
p_solar_Brazil_BR1333,,,gen_spec
p_solar_Brazil_BR1334,,,gen_spec
p_solar_Brazil_BR1335,,,gen_spec
p_solar_Brazil_BR1336,,,gen_spec
p_solar_Brazil_BR1337,,,gen_spec
p_solar_Brazil_BR1338,,,gen_spec
p_solar_Brazil_BR1339,,,gen_spec
p_solar_Brazil_BR1340,,,gen_spec
p_solar_Brazil_BR1341,,,gen_spec
p_solar_Brazil_BR1342,,,gen_spec
p_solar_Brazil_BR1343,,,gen_spec
p_solar_Brazil_BR1359,,,gen_spec
p_solar_Brazil_BR1360,,,gen_spec
p_solar_Brazil_BR1393,,,gen_spec
p_solar_Brazil_BR1394,,,gen_spec
p_solar_Brazil_BR1395,,,gen_spec
p_solar_Brazil_BR1396,,,gen_spec
p_solar_Brazil_BR1397,,,gen_spec
p_solar_Brazil_BR1398,,,gen_spec
p_solar_Brazil_BR1399,,,gen_spec
p_solar_Brazil_BR1400,,,gen_spec
p_solar_Brazil_BR1401,,,gen_spec
p_solar_Brazil_BR1402,,,gen_spec
p_solar_Brazil_BR1403,,,gen_spec
p_solar_Brazil_BR1404,,,gen_spec
p_solar_Brazil_BR1405,,,gen_spec
p_solar_Brazil_BR1406,,,gen_spec
p_solar_Brazil_BR1407,,,gen_spec
p_solar_Brazil_BR1408,,,gen_spec
p_solar_Brazil_BR1409,,,gen_spec
p_solar_Brazil_BR1410,,,gen_spec
p_solar_Brazil_BR1411,,,gen_spec
p_solar_Brazil_BR1412,,,gen_spec
p_solar_Brazil_BR1413,,,gen_spec
p_solar_Brazil_BR1414,,,gen_spec
p_solar_Brazil_BR1430,,,gen_spec
p_solar_Brazil_BR1466,,,gen_spec
p_solar_Brazil_BR1467,,,gen_spec
p_solar_Brazil_BR1468,,,gen_spec
p_solar_Brazil_BR1469,,,gen_spec
p_solar_Brazil_BR1470,,,gen_spec
p_solar_Brazil_BR1471,,,gen_spec
p_solar_Brazil_BR1472,,,gen_spec
p_solar_Brazil_BR1473,,,gen_spec
p_solar_Brazil_BR1474,,,gen_spec
p_solar_Brazil_BR1475,,,gen_spec
p_solar_Brazil_BR1476,,,gen_spec
p_solar_Brazil_BR1477,,,gen_spec
p_solar_Brazil_BR1478,,,gen_spec
p_solar_Brazil_BR1479,,,gen_spec
p_solar_Brazil_BR1480,,,gen_spec
p_solar_Brazil_BR1481,,,gen_spec
p_solar_Brazil_BR1482,,,gen_spec
p_solar_Brazil_BR1483,,,gen_spec
p_solar_Brazil_BR1484,,,gen_spec
p_solar_Brazil_BR1485,,,gen_spec
p_solar_Brazil_BR1486,,,gen_spec
p_solar_Brazil_BR1488,,,gen_spec
p_solar_Brazil_BR1537,,,gen_spec
p_solar_Brazil_BR1538,,,gen_spec
p_solar_Brazil_BR1539,,,gen_spec
p_solar_Brazil_BR1540,,,gen_spec
p_solar_Brazil_BR1541,,,gen_spec
p_solar_Brazil_BR1542,,,gen_spec
p_solar_Brazil_BR1543,,,gen_spec
p_solar_Brazil_BR1544,,,gen_spec
p_solar_Brazil_BR1545,,,gen_spec
p_solar_Brazil_BR1546,,,gen_spec
p_solar_Brazil_BR1547,,,gen_spec
p_solar_Brazil_BR1548,,,gen_spec
p_solar_Brazil_BR1549,,,gen_spec
p_solar_Brazil_BR1550,,,gen_spec
p_solar_Brazil_BR1551,,,gen_spec
p_solar_Brazil_BR1552,,,gen_spec
p_solar_Brazil_BR1553,,,gen_spec
p_solar_Brazil_BR1554,,,gen_spec
p_solar_Brazil_BR1555,,,gen_spec
p_solar_Brazil_BR1556,,,gen_spec
p_solar_Brazil_BR1557,,,gen_spec
p_solar_Brazil_BR1558,,,gen_spec
p_solar_Brazil_BR1559,,,gen_spec
p_solar_Brazil_BR1561,,,gen_spec
p_solar_Brazil_BR1610,,,gen_spec
p_solar_Brazil_BR1611,,,gen_spec
p_solar_Brazil_BR1612,,,gen_spec
p_solar_Brazil_BR1613,,,gen_spec
p_solar_Brazil_BR1616,,,gen_spec
p_solar_Brazil_BR1617,,,gen_spec
p_solar_Brazil_BR1618,,,gen_spec
p_solar_Brazil_BR1619,,,gen_spec
p_solar_Brazil_BR1620,,,gen_spec
p_solar_Brazil_BR1621,,,gen_spec
p_solar_Brazil_BR1622,,,gen_spec
p_solar_Brazil_BR1623,,,gen_spec
p_solar_Brazil_BR1624,,,gen_spec
p_solar_Brazil_BR1625,,,gen_spec
p_solar_Brazil_BR1626,,,gen_spec
p_solar_Brazil_BR1627,,,gen_spec
p_solar_Brazil_BR1628,,,gen_spec
p_solar_Brazil_BR1629,,,gen_spec
p_solar_Brazil_BR1630,,,gen_spec
p_solar_Brazil_BR1632,,,gen_spec
p_solar_Brazil_BR1679,,,gen_spec
p_solar_Brazil_BR1684,,,gen_spec
p_solar_Brazil_BR1685,,,gen_spec
p_solar_Brazil_BR1686,,,gen_spec
p_solar_Brazil_BR1687,,,gen_spec
p_solar_Brazil_BR1688,,,gen_spec
p_solar_Brazil_BR1689,,,gen_spec
p_solar_Brazil_BR1690,,,gen_spec
p_solar_Brazil_BR1691,,,gen_spec
p_solar_Brazil_BR1692,,,gen_spec
p_solar_Brazil_BR1693,,,gen_spec
p_solar_Brazil_BR1694,,,gen_spec
p_solar_Brazil_BR1695,,,gen_spec
p_solar_Brazil_BR1696,,,gen_spec
p_solar_Brazil_BR1697,,,gen_spec
p_solar_Brazil_BR1699,,,gen_spec
p_solar_Brazil_BR1749,,,gen_spec
p_solar_Brazil_BR1750,,,gen_spec
p_solar_Brazil_BR1751,,,gen_spec
p_solar_Brazil_BR1752,,,gen_spec
p_solar_Brazil_BR1753,,,gen_spec
p_solar_Brazil_BR1754,,,gen_spec
p_solar_Brazil_BR1755,,,gen_spec
p_solar_Brazil_BR1756,,,gen_spec
p_solar_Brazil_BR1757,,,gen_spec
p_solar_Brazil_BR1758,,,gen_spec
p_solar_Brazil_BR1759,,,gen_spec
p_solar_Brazil_BR1760,,,gen_spec
p_solar_Brazil_BR1761,,,gen_spec
p_solar_Brazil_BR1762,,,gen_spec
p_solar_Brazil_BR1763,,,gen_spec
p_solar_Brazil_BR1764,,,gen_spec
p_solar_Brazil_BR1810,,,gen_spec
p_solar_Brazil_BR1811,,,gen_spec
p_solar_Brazil_BR1812,,,gen_spec
p_solar_Brazil_BR1813,,,gen_spec
p_solar_Brazil_BR1814,,,gen_spec
p_solar_Brazil_BR1815,,,gen_spec
p_solar_Brazil_BR1816,,,gen_spec
p_solar_Brazil_BR1817,,,gen_spec
p_solar_Brazil_BR1818,,,gen_spec
p_solar_Brazil_BR1819,,,gen_spec
p_solar_Brazil_BR1820,,,gen_spec
p_solar_Brazil_BR1821,,,gen_spec
p_solar_Brazil_BR1822,,,gen_spec
p_solar_Brazil_BR1823,,,gen_spec
p_solar_Brazil_BR1824,,,gen_spec
p_solar_Brazil_BR1825,,,gen_spec
p_solar_Brazil_BR1826,,,gen_spec
p_solar_Brazil_BR1864,,,gen_spec
p_solar_Brazil_BR1865,,,gen_spec
p_solar_Brazil_BR1866,,,gen_spec
p_solar_Brazil_BR1867,,,gen_spec
p_solar_Brazil_BR1868,,,gen_spec
p_solar_Brazil_BR1869,,,gen_spec
p_solar_Brazil_BR1870,,,gen_spec
p_solar_Brazil_BR1871,,,gen_spec
p_solar_Brazil_BR1872,,,gen_spec
p_solar_Brazil_BR1873,,,gen_spec
p_solar_Brazil_BR1874,,,gen_spec
p_solar_Brazil_BR1875,,,gen_spec
p_solar_Brazil_BR1876,,,gen_spec
p_solar_Brazil_BR1877,,,gen_spec
p_solar_Brazil_BR1878,,,gen_spec
p_solar_Brazil_BR1879,,,gen_spec
p_solar_Brazil_BR1880,,,gen_spec
p_solar_Brazil_BR1881,,,gen_spec
p_solar_Brazil_BR1882,,,gen_spec
p_solar_Brazil_BR1883,,,gen_spec
p_solar_Brazil_BR1884,,,gen_spec
p_solar_Brazil_BR1885,,,gen_spec
p_solar_Brazil_BR1921,,,gen_spec
p_solar_Brazil_BR1922,,,gen_spec
p_solar_Brazil_BR1923,,,gen_spec
p_solar_Brazil_BR1924,,,gen_spec
p_solar_Brazil_BR1925,,,gen_spec
p_solar_Brazil_BR1926,,,gen_spec
p_solar_Brazil_BR1927,,,gen_spec
p_solar_Brazil_BR1928,,,gen_spec
p_solar_Brazil_BR1929,,,gen_spec
p_solar_Brazil_BR1930,,,gen_spec
p_solar_Brazil_BR1931,,,gen_spec
p_solar_Brazil_BR1932,,,gen_spec
p_solar_Brazil_BR1933,,,gen_spec
p_solar_Brazil_BR1934,,,gen_spec
p_solar_Brazil_BR1935,,,gen_spec
p_solar_Brazil_BR1936,,,gen_spec
p_solar_Brazil_BR1943,,,gen_spec
p_solar_Brazil_BR1974,,,gen_spec
p_solar_Brazil_BR1975,,,gen_spec
p_solar_Brazil_BR1976,,,gen_spec
p_solar_Brazil_BR1977,,,gen_spec
p_solar_Brazil_BR1978,,,gen_spec
p_solar_Brazil_BR1979,,,gen_spec
p_solar_Brazil_BR1980,,,gen_spec
p_solar_Brazil_BR1981,,,gen_spec
p_solar_Brazil_BR1982,,,gen_spec
p_solar_Brazil_BR1983,,,gen_spec
p_solar_Brazil_BR1984,,,gen_spec
p_solar_Brazil_BR1985,,,gen_spec
p_solar_Brazil_BR1986,,,gen_spec
p_solar_Brazil_BR1987,,,gen_spec
p_solar_Brazil_BR1988,,,gen_spec
p_solar_Brazil_BR1989,,,gen_spec
p_solar_Brazil_BR1994,,,gen_spec
p_solar_Brazil_BR1995,,,gen_spec
p_solar_Brazil_BR1996,,,gen_spec
p_solar_Brazil_BR1997,,,gen_spec
p_solar_Brazil_BR2022,,,gen_spec
p_solar_Brazil_BR2023,,,gen_spec
p_solar_Brazil_BR2024,,,gen_spec
p_solar_Brazil_BR2025,,,gen_spec
p_solar_Brazil_BR2026,,,gen_spec
p_solar_Brazil_BR2027,,,gen_spec
p_solar_Brazil_BR2028,,,gen_spec
p_solar_Brazil_BR2029,,,gen_spec
p_solar_Brazil_BR2030,,,gen_spec
p_solar_Brazil_BR2031,,,gen_spec
p_solar_Brazil_BR2032,,,gen_spec
p_solar_Brazil_BR2033,,,gen_spec
p_solar_Brazil_BR2034,,,gen_spec
p_solar_Brazil_BR2035,,,gen_spec
p_solar_Brazil_BR2036,,,gen_spec
p_solar_Brazil_BR2037,,,gen_spec
p_solar_Brazil_BR2038,,,gen_spec
p_solar_Brazil_BR2039,,,gen_spec
p_solar_Brazil_BR2040,,,gen_spec
p_solar_Brazil_BR2043,,,gen_spec
p_solar_Brazil_BR2044,,,gen_spec
p_solar_Brazil_BR2071,,,gen_spec
p_solar_Brazil_BR2072,,,gen_spec
p_solar_Brazil_BR2073,,,gen_spec
p_solar_Brazil_BR2074,,,gen_spec
p_solar_Brazil_BR2075,,,gen_spec
p_solar_Brazil_BR2076,,,gen_spec
p_solar_Brazil_BR2077,,,gen_spec
p_solar_Brazil_BR2078,,,gen_spec
p_solar_Brazil_BR2079,,,gen_spec
p_solar_Brazil_BR2080,,,gen_spec
p_solar_Brazil_BR2081,,,gen_spec
p_solar_Brazil_BR2082,,,gen_spec
p_solar_Brazil_BR2083,,,gen_spec
p_solar_Brazil_BR2084,,,gen_spec
p_solar_Brazil_BR2085,,,gen_spec
p_solar_Brazil_BR2086,,,gen_spec
p_solar_Brazil_BR2087,,,gen_spec
p_solar_Brazil_BR2088,,,gen_spec
p_solar_Brazil_BR2089,,,gen_spec
p_solar_Brazil_BR2090,,,gen_spec
p_solar_Brazil_BR2091,,,gen_spec
p_solar_Brazil_BR2117,,,gen_spec
p_solar_Brazil_BR2118,,,gen_spec
p_solar_Brazil_BR2119,,,gen_spec
p_solar_Brazil_BR2120,,,gen_spec
p_solar_Brazil_BR2121,,,gen_spec
p_solar_Brazil_BR2122,,,gen_spec
p_solar_Brazil_BR2123,,,gen_spec
p_solar_Brazil_BR2124,,,gen_spec
p_solar_Brazil_BR2125,,,gen_spec
p_solar_Brazil_BR2126,,,gen_spec
p_solar_Brazil_BR2127,,,gen_spec
p_solar_Brazil_BR2128,,,gen_spec
p_solar_Brazil_BR2129,,,gen_spec
p_solar_Brazil_BR2130,,,gen_spec
p_solar_Brazil_BR2131,,,gen_spec
p_solar_Brazil_BR2132,,,gen_spec
p_solar_Brazil_BR2133,,,gen_spec
p_solar_Brazil_BR2134,,,gen_spec
p_solar_Brazil_BR2135,,,gen_spec
p_solar_Brazil_BR2136,,,gen_spec
p_solar_Brazil_BR2137,,,gen_spec
p_solar_Brazil_BR2162,,,gen_spec
p_solar_Brazil_BR2163,,,gen_spec
p_solar_Brazil_BR2164,,,gen_spec
p_solar_Brazil_BR2165,,,gen_spec
p_solar_Brazil_BR2166,,,gen_spec
p_solar_Brazil_BR2167,,,gen_spec
p_solar_Brazil_BR2168,,,gen_spec
p_solar_Brazil_BR2169,,,gen_spec
p_solar_Brazil_BR2170,,,gen_spec
p_solar_Brazil_BR2171,,,gen_spec
p_solar_Brazil_BR2172,,,gen_spec
p_solar_Brazil_BR2173,,,gen_spec
p_solar_Brazil_BR2174,,,gen_spec
p_solar_Brazil_BR2175,,,gen_spec
p_solar_Brazil_BR2176,,,gen_spec
p_solar_Brazil_BR2177,,,gen_spec
p_solar_Brazil_BR2178,,,gen_spec
p_solar_Brazil_BR2179,,,gen_spec
p_solar_Brazil_BR2180,,,gen_spec
p_solar_Brazil_BR2181,,,gen_spec
p_solar_Brazil_BR2182,,,gen_spec
p_solar_Brazil_BR2207,,,gen_spec
p_solar_Brazil_BR2208,,,gen_spec
p_solar_Brazil_BR2209,,,gen_spec
p_solar_Brazil_BR2210,,,gen_spec
p_solar_Brazil_BR2211,,,gen_spec
p_solar_Brazil_BR2212,,,gen_spec
p_solar_Brazil_BR2213,,,gen_spec
p_solar_Brazil_BR2214,,,gen_spec
p_solar_Brazil_BR2215,,,gen_spec
p_solar_Brazil_BR2216,,,gen_spec
p_solar_Brazil_BR2217,,,gen_spec
p_solar_Brazil_BR2218,,,gen_spec
p_solar_Brazil_BR2219,,,gen_spec
p_solar_Brazil_BR2220,,,gen_spec
p_solar_Brazil_BR2221,,,gen_spec
p_solar_Brazil_BR2222,,,gen_spec
p_solar_Brazil_BR2223,,,gen_spec
p_solar_Brazil_BR2224,,,gen_spec
p_solar_Brazil_BR2225,,,gen_spec
p_solar_Brazil_BR2226,,,gen_spec
p_solar_Brazil_BR2250,,,gen_spec
p_solar_Brazil_BR2251,,,gen_spec
p_solar_Brazil_BR2252,,,gen_spec
p_solar_Brazil_BR2253,,,gen_spec
p_solar_Brazil_BR2254,,,gen_spec
p_solar_Brazil_BR2255,,,gen_spec
p_solar_Brazil_BR2256,,,gen_spec
p_solar_Brazil_BR2257,,,gen_spec
p_solar_Brazil_BR2258,,,gen_spec
p_solar_Brazil_BR2259,,,gen_spec
p_solar_Brazil_BR2260,,,gen_spec
p_solar_Brazil_BR2261,,,gen_spec
p_solar_Brazil_BR2262,,,gen_spec
p_solar_Brazil_BR2263,,,gen_spec
p_solar_Brazil_BR2264,,,gen_spec
p_solar_Brazil_BR2265,,,gen_spec
p_solar_Brazil_BR2266,,,gen_spec
p_solar_Brazil_BR2267,,,gen_spec
p_solar_Brazil_BR2268,,,gen_spec
p_solar_Brazil_BR2269,,,gen_spec
p_solar_Brazil_BR2293,,,gen_spec
p_solar_Brazil_BR2294,,,gen_spec
p_solar_Brazil_BR2295,,,gen_spec
p_solar_Brazil_BR2296,,,gen_spec
p_solar_Brazil_BR2297,,,gen_spec
p_solar_Brazil_BR2298,,,gen_spec
p_solar_Brazil_BR2299,,,gen_spec
p_solar_Brazil_BR2300,,,gen_spec
p_solar_Brazil_BR2301,,,gen_spec
p_solar_Brazil_BR2302,,,gen_spec
p_solar_Brazil_BR2303,,,gen_spec
p_solar_Brazil_BR2304,,,gen_spec
p_solar_Brazil_BR2305,,,gen_spec
p_solar_Brazil_BR2306,,,gen_spec
p_solar_Brazil_BR2307,,,gen_spec
p_solar_Brazil_BR2308,,,gen_spec
p_solar_Brazil_BR2310,,,gen_spec
p_solar_Brazil_BR2311,,,gen_spec
p_solar_Brazil_BR2312,,,gen_spec
p_solar_Brazil_BR2333,,,gen_spec
p_solar_Brazil_BR2334,,,gen_spec
p_solar_Brazil_BR2335,,,gen_spec
p_solar_Brazil_BR2336,,,gen_spec
p_solar_Brazil_BR2337,,,gen_spec
p_solar_Brazil_BR2338,,,gen_spec
p_solar_Brazil_BR2339,,,gen_spec
p_solar_Brazil_BR2340,,,gen_spec
p_solar_Brazil_BR2342,,,gen_spec
p_solar_Brazil_BR2343,,,gen_spec
p_solar_Brazil_BR2344,,,gen_spec
p_solar_Brazil_BR2345,,,gen_spec
p_solar_Brazil_BR2346,,,gen_spec
p_solar_Brazil_BR2347,,,gen_spec
p_solar_Brazil_BR2348,,,gen_spec
p_solar_Brazil_BR2349,,,gen_spec
p_solar_Brazil_BR2350,,,gen_spec
p_solar_Brazil_BR2351,,,gen_spec
p_solar_Brazil_BR2352,,,gen_spec
p_solar_Brazil_BR2353,,,gen_spec
p_solar_Brazil_BR2373,,,gen_spec
p_solar_Brazil_BR2374,,,gen_spec
p_solar_Brazil_BR2375,,,gen_spec
p_solar_Brazil_BR2376,,,gen_spec
p_solar_Brazil_BR2377,,,gen_spec
p_solar_Brazil_BR2378,,,gen_spec
p_solar_Brazil_BR2379,,,gen_spec
p_solar_Brazil_BR2380,,,gen_spec
p_solar_Brazil_BR2381,,,gen_spec
p_solar_Brazil_BR2382,,,gen_spec
p_solar_Brazil_BR2383,,,gen_spec
p_solar_Brazil_BR2384,,,gen_spec
p_solar_Brazil_BR2385,,,gen_spec
p_solar_Brazil_BR2386,,,gen_spec
p_solar_Brazil_BR2387,,,gen_spec
p_solar_Brazil_BR2388,,,gen_spec
p_solar_Brazil_BR2389,,,gen_spec
p_solar_Brazil_BR2390,,,gen_spec
p_solar_Brazil_BR2391,,,gen_spec
p_solar_Brazil_BR2392,,,gen_spec
p_solar_Brazil_BR2393,,,gen_spec
p_solar_Brazil_BR2413,,,gen_spec
p_solar_Brazil_BR2414,,,gen_spec
p_solar_Brazil_BR2415,,,gen_spec
p_solar_Brazil_BR2416,,,gen_spec
p_solar_Brazil_BR2417,,,gen_spec
p_solar_Brazil_BR2418,,,gen_spec
p_solar_Brazil_BR2419,,,gen_spec
p_solar_Brazil_BR2420,,,gen_spec
p_solar_Brazil_BR2421,,,gen_spec
p_solar_Brazil_BR2422,,,gen_spec
p_solar_Brazil_BR2426,,,gen_spec
p_solar_Brazil_BR2427,,,gen_spec
p_solar_Brazil_BR2428,,,gen_spec
p_solar_Brazil_BR2429,,,gen_spec
p_solar_Brazil_BR2430,,,gen_spec
p_solar_Brazil_BR2431,,,gen_spec
p_solar_Brazil_BR2432,,,gen_spec
p_solar_Brazil_BR2444,,,gen_spec
p_solar_Brazil_BR2445,,,gen_spec
p_solar_Brazil_BR2453,,,gen_spec
p_solar_Brazil_BR2454,,,gen_spec
p_solar_Brazil_BR2455,,,gen_spec
p_solar_Brazil_BR2456,,,gen_spec
p_solar_Brazil_BR2457,,,gen_spec
p_solar_Brazil_BR2458,,,gen_spec
p_solar_Brazil_BR2459,,,gen_spec
p_solar_Brazil_BR2460,,,gen_spec
p_solar_Brazil_BR2461,,,gen_spec
p_solar_Brazil_BR2462,,,gen_spec
p_solar_Brazil_BR2485,,,gen_spec
p_solar_Brazil_BR2486,,,gen_spec
p_solar_Brazil_BR2492,,,gen_spec
p_solar_Brazil_BR2493,,,gen_spec
p_solar_Brazil_BR2494,,,gen_spec
p_solar_Brazil_BR2495,,,gen_spec
p_solar_Brazil_BR2496,,,gen_spec
p_solar_Brazil_BR2497,,,gen_spec
p_solar_Brazil_BR2498,,,gen_spec
p_solar_Brazil_BR2499,,,gen_spec
p_solar_Brazil_BR2500,,,gen_spec
p_solar_Brazil_BR2501,,,gen_spec
p_solar_Brazil_BR2525,,,gen_spec
p_solar_Brazil_BR2526,,,gen_spec
p_solar_Brazil_BR2527,,,gen_spec
p_solar_Brazil_BR2528,,,gen_spec
p_solar_Brazil_BR2529,,,gen_spec
p_solar_Brazil_BR2530,,,gen_spec
p_solar_Brazil_BR2531,,,gen_spec
p_solar_Brazil_BR2532,,,gen_spec
p_solar_Brazil_BR2533,,,gen_spec
p_solar_Brazil_BR2534,,,gen_spec
p_solar_Brazil_BR2535,,,gen_spec
p_solar_Brazil_BR2536,,,gen_spec
p_solar_Brazil_BR2537,,,gen_spec
p_solar_Brazil_BR2538,,,gen_spec
p_solar_Brazil_BR2539,,,gen_spec
p_solar_Brazil_BR2540,,,gen_spec
p_solar_Brazil_BR2541,,,gen_spec
p_solar_Brazil_BR2561,,,gen_spec
p_solar_Brazil_BR2562,,,gen_spec
p_solar_Brazil_BR2564,,,gen_spec
p_solar_Brazil_BR2565,,,gen_spec
p_solar_Brazil_BR2566,,,gen_spec
p_solar_Brazil_BR2567,,,gen_spec
p_solar_Brazil_BR2568,,,gen_spec
p_solar_Brazil_BR2569,,,gen_spec
p_solar_Brazil_BR2570,,,gen_spec
p_solar_Brazil_BR2571,,,gen_spec
p_solar_Brazil_BR2572,,,gen_spec
p_solar_Brazil_BR2573,,,gen_spec
p_solar_Brazil_BR2574,,,gen_spec
p_solar_Brazil_BR2575,,,gen_spec
p_solar_Brazil_BR2576,,,gen_spec
p_solar_Brazil_BR2577,,,gen_spec
p_solar_Brazil_BR2578,,,gen_spec
p_solar_Brazil_BR2579,,,gen_spec
p_solar_Brazil_BR2580,,,gen_spec
p_solar_Brazil_BR2600,,,gen_spec
p_solar_Brazil_BR2601,,,gen_spec
p_solar_Brazil_BR2602,,,gen_spec
p_solar_Brazil_BR2603,,,gen_spec
p_solar_Brazil_BR2604,,,gen_spec
p_solar_Brazil_BR2605,,,gen_spec
p_solar_Brazil_BR2606,,,gen_spec
p_solar_Brazil_BR2607,,,gen_spec
p_solar_Brazil_BR2608,,,gen_spec
p_solar_Brazil_BR2609,,,gen_spec
p_solar_Brazil_BR2610,,,gen_spec
p_solar_Brazil_BR2611,,,gen_spec
p_solar_Brazil_BR2612,,,gen_spec
p_solar_Brazil_BR2613,,,gen_spec
p_solar_Brazil_BR2614,,,gen_spec
p_solar_Brazil_BR2615,,,gen_spec
p_solar_Brazil_BR2616,,,gen_spec
p_solar_Brazil_BR2617,,,gen_spec
p_solar_Brazil_BR2637,,,gen_spec
p_solar_Brazil_BR2638,,,gen_spec
p_solar_Brazil_BR2639,,,gen_spec
p_solar_Brazil_BR2640,,,gen_spec
p_solar_Brazil_BR2641,,,gen_spec
p_solar_Brazil_BR2642,,,gen_spec
p_solar_Brazil_BR2643,,,gen_spec
p_solar_Brazil_BR2644,,,gen_spec
p_solar_Brazil_BR2645,,,gen_spec
p_solar_Brazil_BR2646,,,gen_spec
p_solar_Brazil_BR2647,,,gen_spec
p_solar_Brazil_BR2648,,,gen_spec
p_solar_Brazil_BR2649,,,gen_spec
p_solar_Brazil_BR2650,,,gen_spec
p_solar_Brazil_BR2651,,,gen_spec
p_solar_Brazil_BR2652,,,gen_spec
p_solar_Brazil_BR2653,,,gen_spec
p_solar_Brazil_BR2654,,,gen_spec
p_solar_Brazil_BR2673,,,gen_spec
p_solar_Brazil_BR2674,,,gen_spec
p_solar_Brazil_BR2675,,,gen_spec
p_solar_Brazil_BR2676,,,gen_spec
p_solar_Brazil_BR2677,,,gen_spec
p_solar_Brazil_BR2678,,,gen_spec
p_solar_Brazil_BR2679,,,gen_spec
p_solar_Brazil_BR2680,,,gen_spec
p_solar_Brazil_BR2681,,,gen_spec
p_solar_Brazil_BR2682,,,gen_spec
p_solar_Brazil_BR2683,,,gen_spec
p_solar_Brazil_BR2684,,,gen_spec
p_solar_Brazil_BR2685,,,gen_spec
p_solar_Brazil_BR2686,,,gen_spec
p_solar_Brazil_BR2687,,,gen_spec
p_solar_Brazil_BR2688,,,gen_spec
p_solar_Brazil_BR2689,,,gen_spec
p_solar_Brazil_BR2706,,,gen_spec
p_solar_Brazil_BR2707,,,gen_spec
p_solar_Brazil_BR2708,,,gen_spec
p_solar_Brazil_BR2709,,,gen_spec
p_solar_Brazil_BR2710,,,gen_spec
p_solar_Brazil_BR2711,,,gen_spec
p_solar_Brazil_BR2712,,,gen_spec
p_solar_Brazil_BR2713,,,gen_spec
p_solar_Brazil_BR2714,,,gen_spec
p_solar_Brazil_BR2715,,,gen_spec
p_solar_Brazil_BR2716,,,gen_spec
p_solar_Brazil_BR2717,,,gen_spec
p_solar_Brazil_BR2718,,,gen_spec
p_solar_Brazil_BR2719,,,gen_spec
p_solar_Brazil_BR2720,,,gen_spec
p_solar_Brazil_BR2721,,,gen_spec
p_solar_Brazil_BR2722,,,gen_spec
p_solar_Brazil_BR2723,,,gen_spec
p_solar_Brazil_BR2736,,,gen_spec
p_solar_Brazil_BR2737,,,gen_spec
p_solar_Brazil_BR2738,,,gen_spec
p_solar_Brazil_BR2739,,,gen_spec
p_solar_Brazil_BR2740,,,gen_spec
p_solar_Brazil_BR2741,,,gen_spec
p_solar_Brazil_BR2742,,,gen_spec
p_solar_Brazil_BR2743,,,gen_spec
p_solar_Brazil_BR2744,,,gen_spec
p_solar_Brazil_BR2745,,,gen_spec
p_solar_Brazil_BR2746,,,gen_spec
p_solar_Brazil_BR2747,,,gen_spec
p_solar_Brazil_BR2748,,,gen_spec
p_solar_Brazil_BR2749,,,gen_spec
p_solar_Brazil_BR2750,,,gen_spec
p_solar_Brazil_BR2751,,,gen_spec
p_solar_Brazil_BR2752,,,gen_spec
p_solar_Brazil_BR2753,,,gen_spec
p_solar_Brazil_BR2754,,,gen_spec
p_solar_Brazil_BR2755,,,gen_spec
p_solar_Brazil_BR2756,,,gen_spec
p_solar_Brazil_BR2757,,,gen_spec
p_solar_Brazil_BR2758,,,gen_spec
p_solar_Brazil_BR2759,,,gen_spec
p_solar_Brazil_BR2760,,,gen_spec
p_solar_Brazil_BR2761,,,gen_spec
p_solar_Brazil_BR2762,,,gen_spec
p_solar_Brazil_BR2763,,,gen_spec
p_solar_Brazil_BR2764,,,gen_spec
p_solar_Brazil_BR2765,,,gen_spec
p_solar_Brazil_BR2766,,,gen_spec
p_solar_Brazil_BR2767,,,gen_spec
p_solar_Brazil_BR2768,,,gen_spec
p_solar_Brazil_BR2769,,,gen_spec
p_solar_Brazil_BR2770,,,gen_spec
p_solar_Brazil_BR2772,,,gen_spec
p_solar_Brazil_BR2773,,,gen_spec
p_solar_Brazil_BR2774,,,gen_spec
p_solar_Brazil_BR2775,,,gen_spec
p_solar_Brazil_BR2776,,,gen_spec
p_solar_Brazil_BR2777,,,gen_spec
p_solar_Brazil_BR2778,,,gen_spec
p_solar_Brazil_BR2779,,,gen_spec
p_solar_Brazil_BR2780,,,gen_spec
p_solar_Brazil_BR2781,,,gen_spec
p_solar_Brazil_BR2782,,,gen_spec
p_solar_Brazil_BR2783,,,gen_spec
p_solar_Brazil_BR2784,,,gen_spec
p_solar_Brazil_BR2785,,,gen_spec
p_solar_Brazil_BR2786,,,gen_spec
p_solar_Brazil_BR2787,,,gen_spec
p_solar_Brazil_BR2788,,,gen_spec
p_solar_Brazil_BR2789,,,gen_spec
p_solar_Brazil_BR2790,,,gen_spec
p_solar_Brazil_BR2791,,,gen_spec
p_solar_Brazil_BR2792,,,gen_spec
p_solar_Brazil_BR2793,,,gen_spec
p_solar_Brazil_BR2794,,,gen_spec
p_solar_Brazil_BR2795,,,gen_spec
p_solar_Brazil_BR2796,,,gen_spec
p_solar_Brazil_BR2797,,,gen_spec
p_solar_Brazil_BR2798,,,gen_spec
p_solar_Brazil_BR2799,,,gen_spec
p_solar_Brazil_BR2800,,,gen_spec
p_solar_Brazil_BR2801,,,gen_spec
p_solar_Brazil_BR2802,,,gen_spec
p_solar_Brazil_BR2803,,,gen_spec
p_solar_Brazil_BR2804,,,gen_spec
p_solar_Brazil_BR2805,,,gen_spec
p_solar_Brazil_BR2806,,,gen_spec
p_solar_Brazil_BR2807,,,gen_spec
p_solar_Brazil_BR2808,,,gen_spec
p_solar_Brazil_BR2809,,,gen_spec
p_solar_Brazil_BR2810,,,gen_spec
p_solar_Brazil_BR2811,,,gen_spec
p_solar_Brazil_BR2812,,,gen_spec
p_solar_Brazil_BR2813,,,gen_spec
p_solar_Brazil_BR2814,,,gen_spec
p_solar_Brazil_BR2815,,,gen_spec
p_solar_Brazil_BR2816,,,gen_spec
p_solar_Brazil_BR2820,,,gen_spec
p_solar_Brazil_BR2821,,,gen_spec
p_solar_Brazil_BR2822,,,gen_spec
p_solar_Brazil_BR2823,,,gen_spec
p_solar_Brazil_BR2824,,,gen_spec
p_solar_Brazil_BR2825,,,gen_spec
p_solar_Brazil_BR2826,,,gen_spec
p_solar_Brazil_BR2827,,,gen_spec
p_solar_Brazil_BR2830,,,gen_spec
p_solar_Brazil_BR2831,,,gen_spec
p_solar_Brazil_BR2832,,,gen_spec
p_solar_Brazil_BR2833,,,gen_spec
p_solar_Brazil_BR2834,,,gen_spec
p_solar_Brazil_BR2835,,,gen_spec
p_solar_Brazil_BR2836,,,gen_spec
p_solar_Brazil_BR2837,,,gen_spec
p_solar_Chile_CL70,,,gen_spec
p_solar_Chile_CL71,,,gen_spec
p_solar_Chile_CL97,,,gen_spec
p_solar_Chile_CL98,,,gen_spec
p_solar_Chile_CL99,,,gen_spec
p_solar_Chile_CL100,,,gen_spec
p_solar_Chile_CL101,,,gen_spec
p_solar_Chile_CL102,,,gen_spec
p_solar_Chile_CL103,,,gen_spec
p_solar_Chile_CL104,,,gen_spec
p_solar_Chile_CL125,,,gen_spec
p_solar_Chile_CL126,,,gen_spec
p_solar_Chile_CL127,,,gen_spec
p_solar_Chile_CL128,,,gen_spec
p_solar_Chile_CL129,,,gen_spec
p_solar_Chile_CL130,,,gen_spec
p_solar_Chile_CL131,,,gen_spec
p_solar_Chile_CL133,,,gen_spec
p_solar_Chile_CL134,,,gen_spec
p_solar_Chile_CL145,,,gen_spec
p_solar_Chile_CL146,,,gen_spec
p_solar_Chile_CL147,,,gen_spec
p_solar_Chile_CL148,,,gen_spec
p_solar_Chile_CL151,,,gen_spec
p_solar_Chile_CL152,,,gen_spec
p_solar_Chile_CL153,,,gen_spec
p_solar_Chile_CL154,,,gen_spec
p_solar_Chile_CL155,,,gen_spec
p_solar_Chile_CL156,,,gen_spec
p_solar_Chile_CL157,,,gen_spec
p_solar_Chile_CL158,,,gen_spec
p_solar_Chile_CL159,,,gen_spec
p_solar_Chile_CL160,,,gen_spec
p_solar_Chile_CL161,,,gen_spec
p_solar_Chile_CL162,,,gen_spec
p_solar_Chile_CL163,,,gen_spec
p_solar_Chile_CL164,,,gen_spec
p_solar_Chile_CL165,,,gen_spec
p_solar_Chile_CL171,,,gen_spec
p_solar_Chile_CL172,,,gen_spec
p_solar_Chile_CL173,,,gen_spec
p_solar_Chile_CL174,,,gen_spec
p_solar_Chile_CL175,,,gen_spec
p_solar_Chile_CL176,,,gen_spec
p_solar_Chile_CL177,,,gen_spec
p_solar_Chile_CL178,,,gen_spec
p_solar_Chile_CL179,,,gen_spec
p_solar_Chile_CL180,,,gen_spec
p_solar_Chile_CL181,,,gen_spec
p_solar_Chile_CL182,,,gen_spec
p_solar_Chile_CL184,,,gen_spec
p_solar_Chile_CL185,,,gen_spec
p_solar_Chile_CL186,,,gen_spec
p_solar_Chile_CL187,,,gen_spec
p_solar_Chile_CL188,,,gen_spec
p_solar_Chile_CL189,,,gen_spec
p_solar_Chile_CL192,,,gen_spec
p_solar_Chile_CL193,,,gen_spec
p_solar_Chile_CL194,,,gen_spec
p_solar_Chile_CL195,,,gen_spec
p_solar_Chile_CL196,,,gen_spec
p_solar_Chile_CL197,,,gen_spec
p_solar_Chile_CL198,,,gen_spec
p_solar_Chile_CL199,,,gen_spec
p_solar_Chile_CL200,,,gen_spec
p_solar_Chile_CL201,,,gen_spec
p_solar_Chile_CL202,,,gen_spec
p_solar_Chile_CL203,,,gen_spec
p_solar_Chile_CL204,,,gen_spec
p_solar_Chile_CL205,,,gen_spec
p_solar_Chile_CL206,,,gen_spec
p_solar_Chile_CL207,,,gen_spec
p_solar_Chile_CL208,,,gen_spec
p_solar_Chile_CL209,,,gen_spec
p_solar_Chile_CL210,,,gen_spec
p_solar_Chile_CL211,,,gen_spec
p_solar_Chile_CL212,,,gen_spec
p_solar_Chile_CL213,,,gen_spec
p_solar_Chile_CL219,,,gen_spec
p_solar_Chile_CL220,,,gen_spec
p_solar_Chile_CL221,,,gen_spec
p_solar_Chile_CL222,,,gen_spec
p_solar_Chile_CL223,,,gen_spec
p_solar_Chile_CL224,,,gen_spec
p_solar_Chile_CL225,,,gen_spec
p_solar_Chile_CL226,,,gen_spec
p_solar_Chile_CL227,,,gen_spec
p_solar_Chile_CL228,,,gen_spec
p_solar_Chile_CL229,,,gen_spec
p_solar_Chile_CL230,,,gen_spec
p_solar_Chile_CL231,,,gen_spec
p_solar_Chile_CL232,,,gen_spec
p_solar_Chile_CL233,,,gen_spec
p_solar_Chile_CL234,,,gen_spec
p_solar_Chile_CL235,,,gen_spec
p_solar_Chile_CL236,,,gen_spec
p_solar_Chile_CL237,,,gen_spec
p_solar_Chile_CL238,,,gen_spec
p_solar_Chile_CL239,,,gen_spec
p_solar_Chile_CL240,,,gen_spec
p_solar_Chile_CL241,,,gen_spec
p_solar_Chile_CL247,,,gen_spec
p_solar_Chile_CL248,,,gen_spec
p_solar_Chile_CL249,,,gen_spec
p_solar_Chile_CL250,,,gen_spec
p_solar_Chile_CL251,,,gen_spec
p_solar_Chile_CL252,,,gen_spec
p_solar_Chile_CL253,,,gen_spec
p_solar_Chile_CL254,,,gen_spec
p_solar_Chile_CL255,,,gen_spec
p_solar_Chile_CL256,,,gen_spec
p_solar_Chile_CL257,,,gen_spec
p_solar_Chile_CL258,,,gen_spec
p_solar_Chile_CL259,,,gen_spec
p_solar_Chile_CL260,,,gen_spec
p_solar_Chile_CL261,,,gen_spec
p_solar_Chile_CL262,,,gen_spec
p_solar_Chile_CL263,,,gen_spec
p_solar_Chile_CL264,,,gen_spec
p_solar_Chile_CL265,,,gen_spec
p_solar_Chile_CL266,,,gen_spec
p_solar_Chile_CL272,,,gen_spec
p_solar_Chile_CL273,,,gen_spec
p_solar_Chile_CL274,,,gen_spec
p_solar_Chile_CL275,,,gen_spec
p_solar_Chile_CL276,,,gen_spec
p_solar_Chile_CL277,,,gen_spec
p_solar_Chile_CL278,,,gen_spec
p_solar_Chile_CL279,,,gen_spec
p_solar_Chile_CL280,,,gen_spec
p_solar_Chile_CL281,,,gen_spec
p_solar_Chile_CL282,,,gen_spec
p_solar_Chile_CL283,,,gen_spec
p_solar_Chile_CL284,,,gen_spec
p_solar_Chile_CL285,,,gen_spec
p_solar_Chile_CL286,,,gen_spec
p_solar_Chile_CL287,,,gen_spec
p_solar_Chile_CL294,,,gen_spec
p_solar_Chile_CL295,,,gen_spec
p_solar_Chile_CL296,,,gen_spec
p_solar_Chile_CL297,,,gen_spec
p_solar_Chile_CL298,,,gen_spec
p_solar_Chile_CL299,,,gen_spec
p_solar_Chile_CL300,,,gen_spec
p_solar_Chile_CL301,,,gen_spec
p_solar_Chile_CL302,,,gen_spec
p_solar_Chile_CL304,,,gen_spec
p_solar_Paraguay_PY29,,,gen_spec
p_solar_Paraguay_PY30,,,gen_spec
p_solar_Paraguay_PY31,,,gen_spec
p_solar_Paraguay_PY38,,,gen_spec
p_solar_Paraguay_PY39,,,gen_spec
p_solar_Paraguay_PY40,,,gen_spec
p_solar_Paraguay_PY41,,,gen_spec
p_solar_Paraguay_PY42,,,gen_spec
p_solar_Paraguay_PY43,,,gen_spec
p_solar_Paraguay_PY47,,,gen_spec
p_solar_Paraguay_PY48,,,gen_spec
p_solar_Paraguay_PY49,,,gen_spec
p_solar_Paraguay_PY50,,,gen_spec
p_solar_Paraguay_PY51,,,gen_spec
p_solar_Paraguay_PY52,,,gen_spec
p_solar_Paraguay_PY53,,,gen_spec
p_solar_Paraguay_PY54,,,gen_spec
p_solar_Paraguay_PY57,,,gen_spec
p_solar_Paraguay_PY58,,,gen_spec
p_solar_Paraguay_PY59,,,gen_spec
p_solar_Paraguay_PY60,,,gen_spec
p_solar_Paraguay_PY61,,,gen_spec
p_solar_Paraguay_PY62,,,gen_spec
p_solar_Paraguay_PY63,,,gen_spec
p_solar_Paraguay_PY64,,,gen_spec
p_solar_Paraguay_PY65,,,gen_spec
p_solar_Paraguay_PY68,,,gen_spec
p_solar_Paraguay_PY69,,,gen_spec
p_solar_Paraguay_PY70,,,gen_spec
p_solar_Paraguay_PY71,,,gen_spec
p_solar_Paraguay_PY72,,,gen_spec
p_solar_Paraguay_PY73,,,gen_spec
p_solar_Paraguay_PY74,,,gen_spec
p_solar_Paraguay_PY75,,,gen_spec
p_solar_Paraguay_PY76,,,gen_spec
p_solar_Paraguay_PY77,,,gen_spec
p_solar_Paraguay_PY79,,,gen_spec
p_solar_Paraguay_PY80,,,gen_spec
p_solar_Paraguay_PY81,,,gen_spec
p_solar_Paraguay_PY82,,,gen_spec
p_solar_Paraguay_PY83,,,gen_spec
p_solar_Paraguay_PY84,,,gen_spec
p_solar_Paraguay_PY85,,,gen_spec
p_solar_Paraguay_PY89,,,gen_spec
p_solar_Paraguay_PY90,,,gen_spec
p_solar_Paraguay_PY91,,,gen_spec
p_solar_Paraguay_PY92,,,gen_spec
p_solar_Paraguay_PY93,,,gen_spec
p_solar_Paraguay_PY94,,,gen_spec
p_solar_Paraguay_PY95,,,gen_spec
p_solar_Paraguay_PY96,,,gen_spec
p_solar_Paraguay_PY97,,,gen_spec
p_solar_Paraguay_PY100,,,gen_spec
p_solar_Paraguay_PY101,,,gen_spec
p_solar_Paraguay_PY102,,,gen_spec
p_solar_Paraguay_PY103,,,gen_spec
p_solar_Paraguay_PY104,,,gen_spec
p_solar_Paraguay_PY105,,,gen_spec
p_solar_Paraguay_PY106,,,gen_spec
p_solar_Paraguay_PY107,,,gen_spec
p_solar_Paraguay_PY108,,,gen_spec
p_solar_Paraguay_PY111,,,gen_spec
p_solar_Paraguay_PY112,,,gen_spec
p_solar_Paraguay_PY113,,,gen_spec
p_solar_Paraguay_PY114,,,gen_spec
p_solar_Paraguay_PY115,,,gen_spec
p_solar_Paraguay_PY116,,,gen_spec
p_solar_Paraguay_PY117,,,gen_spec
p_solar_Paraguay_PY118,,,gen_spec
p_solar_Paraguay_PY119,,,gen_spec
p_solar_Paraguay_PY122,,,gen_spec
p_solar_Paraguay_PY123,,,gen_spec
p_solar_Paraguay_PY124,,,gen_spec
p_solar_Paraguay_PY125,,,gen_spec
p_solar_Paraguay_PY126,,,gen_spec
p_solar_Paraguay_PY127,,,gen_spec
p_solar_Paraguay_PY128,,,gen_spec
p_solar_Paraguay_PY129,,,gen_spec
p_solar_Paraguay_PY133,,,gen_spec
p_solar_Uruguay_UY3,,,gen_spec
p_solar_Uruguay_UY5,,,gen_spec
p_solar_Uruguay_UY6,,,gen_spec
p_solar_Uruguay_UY7,,,gen_spec
p_solar_Uruguay_UY8,,,gen_spec
p_solar_Uruguay_UY9,,,gen_spec
p_solar_Uruguay_UY10,,,gen_spec
p_solar_Uruguay_UY11,,,gen_spec
p_solar_Uruguay_UY12,,,gen_spec
p_solar_Uruguay_UY13,,,gen_spec
p_solar_Uruguay_UY14,,,gen_spec
p_solar_Uruguay_UY15,,,gen_spec
p_solar_Uruguay_UY16,,,gen_spec
p_solar_Uruguay_UY17,,,gen_spec
p_solar_Uruguay_UY18,,,gen_spec
p_solar_Uruguay_UY19,,,gen_spec
p_solar_Uruguay_UY20,,,gen_spec
p_solar_Uruguay_UY21,,,gen_spec
p_solar_Uruguay_UY22,,,gen_spec
p_solar_Uruguay_UY23,,,gen_spec
p_solar_Uruguay_UY24,,,gen_spec
p_solar_Uruguay_UY25,,,gen_spec
p_solar_Uruguay_UY26,,,gen_spec
p_solar_Uruguay_UY27,,,gen_spec
p_solar_Uruguay_UY28,,,gen_spec
p_solar_Uruguay_UY29,,,gen_spec
p_solar_Uruguay_UY30,,,gen_spec
p_solar_Uruguay_UY31,,,gen_spec
p_solar_Uruguay_UY32,,,gen_spec
p_solar_Uruguay_UY33,,,gen_spec
p_solar_Uruguay_UY34,,,gen_spec
p_solar_Uruguay_UY35,,,gen_spec
p_solar_Uruguay_UY36,,,gen_spec
p_solar_Uruguay_UY37,,,gen_spec
p_solar_Uruguay_UY39,,,gen_spec
p_solar_Uruguay_UY40,,,gen_spec
p_solar_Uruguay_UY41,,,gen_spec
p_solar_Uruguay_UY42,,,gen_spec
p_solar_Uruguay_UY43,,,gen_spec
p_solar_Uruguay_UY44,,,gen_spec
p_solar_Uruguay_UY45,,,gen_spec
p_solar_Uruguay_UY46,,,gen_spec
p_solar_Uruguay_UY47,,,gen_spec
p_solar_Uruguay_UY48,,,gen_spec
p_solar_Uruguay_UY50,,,gen_spec
p_solar_Uruguay_UY51,,,gen_spec
p_solar_Uruguay_UY52,,,gen_spec
p_solar_Uruguay_UY53,,,gen_spec
p_solar_Uruguay_UY55,,,gen_spec
p_solar_Uruguay_UY58,,,gen_spec
p_solar_Uruguay_UY59,,,gen_spec
p_solar_Uruguay_UY60,,,gen_spec
p_solar_Uruguay_UY61,,,gen_spec
p_solar_Uruguay_UY62,,,gen_spec
p_solar_Uruguay_UY63,,,gen_spec
p_solar_Uruguay_UY64,,,gen_spec
p_solar_Uruguay_UY65,,,gen_spec
p_solar_Uruguay_UY66,,,gen_spec
p_solar_Uruguay_UY67,,,gen_spec
p_solar_Uruguay_UY68,,,gen_spec
p_solar_Uruguay_UY69,,,gen_spec
p_wind_Argentina_AR30,,,gen_spec
p_wind_Argentina_AR31,,,gen_spec
p_wind_Argentina_AR32,,,gen_spec
p_wind_Argentina_AR54,,,gen_spec
p_wind_Argentina_AR55,,,gen_spec
p_wind_Argentina_AR56,,,gen_spec
p_wind_Argentina_AR57,,,gen_spec
p_wind_Argentina_AR74,,,gen_spec
p_wind_Argentina_AR75,,,gen_spec
p_wind_Argentina_AR76,,,gen_spec
p_wind_Argentina_AR77,,,gen_spec
p_wind_Argentina_AR78,,,gen_spec
p_wind_Argentina_AR79,,,gen_spec
p_wind_Argentina_AR80,,,gen_spec
p_wind_Argentina_AR81,,,gen_spec
p_wind_Argentina_AR82,,,gen_spec
p_wind_Argentina_AR83,,,gen_spec
p_wind_Argentina_AR84,,,gen_spec
p_wind_Argentina_AR85,,,gen_spec
p_wind_Argentina_AR86,,,gen_spec
p_wind_Argentina_AR87,,,gen_spec
p_wind_Argentina_AR88,,,gen_spec
p_wind_Argentina_AR112,,,gen_spec
p_wind_Argentina_AR113,,,gen_spec
p_wind_Argentina_AR114,,,gen_spec
p_wind_Argentina_AR115,,,gen_spec
p_wind_Argentina_AR116,,,gen_spec
p_wind_Argentina_AR117,,,gen_spec
p_wind_Argentina_AR118,,,gen_spec
p_wind_Argentina_AR119,,,gen_spec
p_wind_Argentina_AR120,,,gen_spec
p_wind_Argentina_AR121,,,gen_spec
p_wind_Argentina_AR122,,,gen_spec
p_wind_Argentina_AR123,,,gen_spec
p_wind_Argentina_AR124,,,gen_spec
p_wind_Argentina_AR125,,,gen_spec
p_wind_Argentina_AR126,,,gen_spec
p_wind_Argentina_AR127,,,gen_spec
p_wind_Argentina_AR151,,,gen_spec
p_wind_Argentina_AR152,,,gen_spec
p_wind_Argentina_AR157,,,gen_spec
p_wind_Argentina_AR158,,,gen_spec
p_wind_Argentina_AR159,,,gen_spec
p_wind_Argentina_AR160,,,gen_spec
p_wind_Argentina_AR161,,,gen_spec
p_wind_Argentina_AR162,,,gen_spec
p_wind_Argentina_AR163,,,gen_spec
p_wind_Argentina_AR164,,,gen_spec
p_wind_Argentina_AR165,,,gen_spec
p_wind_Argentina_AR166,,,gen_spec
p_wind_Argentina_AR167,,,gen_spec
p_wind_Argentina_AR168,,,gen_spec
p_wind_Argentina_AR169,,,gen_spec
p_wind_Argentina_AR170,,,gen_spec
p_wind_Argentina_AR171,,,gen_spec
p_wind_Argentina_AR172,,,gen_spec
p_wind_Argentina_AR173,,,gen_spec
p_wind_Argentina_AR197,,,gen_spec
p_wind_Argentina_AR198,,,gen_spec
p_wind_Argentina_AR199,,,gen_spec
p_wind_Argentina_AR200,,,gen_spec
p_wind_Argentina_AR204,,,gen_spec
p_wind_Argentina_AR205,,,gen_spec
p_wind_Argentina_AR206,,,gen_spec
p_wind_Argentina_AR207,,,gen_spec
p_wind_Argentina_AR208,,,gen_spec
p_wind_Argentina_AR209,,,gen_spec
p_wind_Argentina_AR210,,,gen_spec
p_wind_Argentina_AR211,,,gen_spec
p_wind_Argentina_AR212,,,gen_spec
p_wind_Argentina_AR213,,,gen_spec
p_wind_Argentina_AR214,,,gen_spec
p_wind_Argentina_AR215,,,gen_spec
p_wind_Argentina_AR216,,,gen_spec
p_wind_Argentina_AR217,,,gen_spec
p_wind_Argentina_AR218,,,gen_spec
p_wind_Argentina_AR219,,,gen_spec
p_wind_Argentina_AR220,,,gen_spec
p_wind_Argentina_AR221,,,gen_spec
p_wind_Argentina_AR246,,,gen_spec
p_wind_Argentina_AR247,,,gen_spec
p_wind_Argentina_AR248,,,gen_spec
p_wind_Argentina_AR249,,,gen_spec
p_wind_Argentina_AR250,,,gen_spec
p_wind_Argentina_AR251,,,gen_spec
p_wind_Argentina_AR253,,,gen_spec
p_wind_Argentina_AR254,,,gen_spec
p_wind_Argentina_AR255,,,gen_spec
p_wind_Argentina_AR256,,,gen_spec
p_wind_Argentina_AR257,,,gen_spec
p_wind_Argentina_AR258,,,gen_spec
p_wind_Argentina_AR259,,,gen_spec
p_wind_Argentina_AR260,,,gen_spec
p_wind_Argentina_AR261,,,gen_spec
p_wind_Argentina_AR262,,,gen_spec
p_wind_Argentina_AR263,,,gen_spec
p_wind_Argentina_AR264,,,gen_spec
p_wind_Argentina_AR265,,,gen_spec
p_wind_Argentina_AR266,,,gen_spec
p_wind_Argentina_AR267,,,gen_spec
p_wind_Argentina_AR268,,,gen_spec
p_wind_Argentina_AR269,,,gen_spec
p_wind_Argentina_AR297,,,gen_spec
p_wind_Argentina_AR298,,,gen_spec
p_wind_Argentina_AR299,,,gen_spec
p_wind_Argentina_AR300,,,gen_spec
p_wind_Argentina_AR301,,,gen_spec
p_wind_Argentina_AR302,,,gen_spec
p_wind_Argentina_AR303,,,gen_spec
p_wind_Argentina_AR306,,,gen_spec
p_wind_Argentina_AR307,,,gen_spec
p_wind_Argentina_AR308,,,gen_spec
p_wind_Argentina_AR309,,,gen_spec
p_wind_Argentina_AR310,,,gen_spec
p_wind_Argentina_AR312,,,gen_spec
p_wind_Argentina_AR313,,,gen_spec
p_wind_Argentina_AR314,,,gen_spec
p_wind_Argentina_AR315,,,gen_spec
p_wind_Argentina_AR316,,,gen_spec
p_wind_Argentina_AR317,,,gen_spec
p_wind_Argentina_AR318,,,gen_spec
p_wind_Argentina_AR319,,,gen_spec
p_wind_Argentina_AR320,,,gen_spec
p_wind_Argentina_AR321,,,gen_spec
p_wind_Argentina_AR323,,,gen_spec
p_wind_Argentina_AR351,,,gen_spec
p_wind_Argentina_AR352,,,gen_spec
p_wind_Argentina_AR353,,,gen_spec
p_wind_Argentina_AR354,,,gen_spec
p_wind_Argentina_AR355,,,gen_spec
p_wind_Argentina_AR356,,,gen_spec
p_wind_Argentina_AR357,,,gen_spec
p_wind_Argentina_AR358,,,gen_spec
p_wind_Argentina_AR360,,,gen_spec
p_wind_Argentina_AR361,,,gen_spec
p_wind_Argentina_AR362,,,gen_spec
p_wind_Argentina_AR363,,,gen_spec
p_wind_Argentina_AR364,,,gen_spec
p_wind_Argentina_AR365,,,gen_spec
p_wind_Argentina_AR366,,,gen_spec
p_wind_Argentina_AR367,,,gen_spec
p_wind_Argentina_AR368,,,gen_spec
p_wind_Argentina_AR369,,,gen_spec
p_wind_Argentina_AR370,,,gen_spec
p_wind_Argentina_AR371,,,gen_spec
p_wind_Argentina_AR372,,,gen_spec
p_wind_Argentina_AR373,,,gen_spec
p_wind_Argentina_AR374,,,gen_spec
p_wind_Argentina_AR375,,,gen_spec
p_wind_Argentina_AR376,,,gen_spec
p_wind_Argentina_AR378,,,gen_spec
p_wind_Argentina_AR402,,,gen_spec
p_wind_Argentina_AR403,,,gen_spec
p_wind_Argentina_AR404,,,gen_spec
p_wind_Argentina_AR405,,,gen_spec
p_wind_Argentina_AR406,,,gen_spec
p_wind_Argentina_AR407,,,gen_spec
p_wind_Argentina_AR408,,,gen_spec
p_wind_Argentina_AR409,,,gen_spec
p_wind_Argentina_AR410,,,gen_spec
p_wind_Argentina_AR411,,,gen_spec
p_wind_Argentina_AR412,,,gen_spec
p_wind_Argentina_AR413,,,gen_spec
p_wind_Argentina_AR414,,,gen_spec
p_wind_Argentina_AR415,,,gen_spec
p_wind_Argentina_AR416,,,gen_spec
p_wind_Argentina_AR418,,,gen_spec
p_wind_Argentina_AR419,,,gen_spec
p_wind_Argentina_AR420,,,gen_spec
p_wind_Argentina_AR421,,,gen_spec
p_wind_Argentina_AR422,,,gen_spec
p_wind_Argentina_AR423,,,gen_spec
p_wind_Argentina_AR424,,,gen_spec
p_wind_Argentina_AR425,,,gen_spec
p_wind_Argentina_AR426,,,gen_spec
p_wind_Argentina_AR427,,,gen_spec
p_wind_Argentina_AR428,,,gen_spec
p_wind_Argentina_AR429,,,gen_spec
p_wind_Argentina_AR454,,,gen_spec
p_wind_Argentina_AR455,,,gen_spec
p_wind_Argentina_AR456,,,gen_spec
p_wind_Argentina_AR457,,,gen_spec
p_wind_Argentina_AR458,,,gen_spec
p_wind_Argentina_AR459,,,gen_spec
p_wind_Argentina_AR460,,,gen_spec
p_wind_Argentina_AR461,,,gen_spec
p_wind_Argentina_AR462,,,gen_spec
p_wind_Argentina_AR463,,,gen_spec
p_wind_Argentina_AR464,,,gen_spec
p_wind_Argentina_AR465,,,gen_spec
p_wind_Argentina_AR466,,,gen_spec
p_wind_Argentina_AR467,,,gen_spec
p_wind_Argentina_AR468,,,gen_spec
p_wind_Argentina_AR469,,,gen_spec
p_wind_Argentina_AR470,,,gen_spec
p_wind_Argentina_AR471,,,gen_spec
p_wind_Argentina_AR472,,,gen_spec
p_wind_Argentina_AR473,,,gen_spec
p_wind_Argentina_AR474,,,gen_spec
p_wind_Argentina_AR475,,,gen_spec
p_wind_Argentina_AR476,,,gen_spec
p_wind_Argentina_AR477,,,gen_spec
p_wind_Argentina_AR478,,,gen_spec
p_wind_Argentina_AR504,,,gen_spec
p_wind_Argentina_AR505,,,gen_spec
p_wind_Argentina_AR506,,,gen_spec
p_wind_Argentina_AR507,,,gen_spec
p_wind_Argentina_AR508,,,gen_spec
p_wind_Argentina_AR509,,,gen_spec
p_wind_Argentina_AR510,,,gen_spec
p_wind_Argentina_AR511,,,gen_spec
p_wind_Argentina_AR512,,,gen_spec
p_wind_Argentina_AR513,,,gen_spec
p_wind_Argentina_AR514,,,gen_spec
p_wind_Argentina_AR515,,,gen_spec
p_wind_Argentina_AR516,,,gen_spec
p_wind_Argentina_AR517,,,gen_spec
p_wind_Argentina_AR518,,,gen_spec
p_wind_Argentina_AR519,,,gen_spec
p_wind_Argentina_AR520,,,gen_spec
p_wind_Argentina_AR521,,,gen_spec
p_wind_Argentina_AR522,,,gen_spec
p_wind_Argentina_AR523,,,gen_spec
p_wind_Argentina_AR524,,,gen_spec
p_wind_Argentina_AR525,,,gen_spec
p_wind_Argentina_AR526,,,gen_spec
p_wind_Argentina_AR527,,,gen_spec
p_wind_Argentina_AR553,,,gen_spec
p_wind_Argentina_AR554,,,gen_spec
p_wind_Argentina_AR555,,,gen_spec
p_wind_Argentina_AR556,,,gen_spec
p_wind_Argentina_AR557,,,gen_spec
p_wind_Argentina_AR558,,,gen_spec
p_wind_Argentina_AR559,,,gen_spec
p_wind_Argentina_AR560,,,gen_spec
p_wind_Argentina_AR561,,,gen_spec
p_wind_Argentina_AR562,,,gen_spec
p_wind_Argentina_AR563,,,gen_spec
p_wind_Argentina_AR564,,,gen_spec
p_wind_Argentina_AR565,,,gen_spec
p_wind_Argentina_AR566,,,gen_spec
p_wind_Argentina_AR567,,,gen_spec
p_wind_Argentina_AR568,,,gen_spec
p_wind_Argentina_AR569,,,gen_spec
p_wind_Argentina_AR570,,,gen_spec
p_wind_Argentina_AR571,,,gen_spec
p_wind_Argentina_AR572,,,gen_spec
p_wind_Argentina_AR573,,,gen_spec
p_wind_Argentina_AR574,,,gen_spec
p_wind_Argentina_AR575,,,gen_spec
p_wind_Argentina_AR600,,,gen_spec
p_wind_Argentina_AR601,,,gen_spec
p_wind_Argentina_AR602,,,gen_spec
p_wind_Argentina_AR603,,,gen_spec
p_wind_Argentina_AR604,,,gen_spec
p_wind_Argentina_AR605,,,gen_spec
p_wind_Argentina_AR606,,,gen_spec
p_wind_Argentina_AR607,,,gen_spec
p_wind_Argentina_AR608,,,gen_spec
p_wind_Argentina_AR609,,,gen_spec
p_wind_Argentina_AR610,,,gen_spec
p_wind_Argentina_AR611,,,gen_spec
p_wind_Argentina_AR614,,,gen_spec
p_wind_Argentina_AR615,,,gen_spec
p_wind_Argentina_AR616,,,gen_spec
p_wind_Argentina_AR617,,,gen_spec
p_wind_Argentina_AR618,,,gen_spec
p_wind_Argentina_AR619,,,gen_spec
p_wind_Argentina_AR643,,,gen_spec
p_wind_Argentina_AR644,,,gen_spec
p_wind_Argentina_AR645,,,gen_spec
p_wind_Argentina_AR646,,,gen_spec
p_wind_Argentina_AR647,,,gen_spec
p_wind_Argentina_AR648,,,gen_spec
p_wind_Argentina_AR649,,,gen_spec
p_wind_Argentina_AR650,,,gen_spec
p_wind_Argentina_AR651,,,gen_spec
p_wind_Argentina_AR652,,,gen_spec
p_wind_Argentina_AR653,,,gen_spec
p_wind_Argentina_AR654,,,gen_spec
p_wind_Argentina_AR655,,,gen_spec
p_wind_Argentina_AR658,,,gen_spec
p_wind_Argentina_AR680,,,gen_spec
p_wind_Argentina_AR681,,,gen_spec
p_wind_Argentina_AR682,,,gen_spec
p_wind_Argentina_AR683,,,gen_spec
p_wind_Argentina_AR684,,,gen_spec
p_wind_Argentina_AR685,,,gen_spec
p_wind_Argentina_AR686,,,gen_spec
p_wind_Argentina_AR687,,,gen_spec
p_wind_Argentina_AR688,,,gen_spec
p_wind_Argentina_AR689,,,gen_spec
p_wind_Argentina_AR690,,,gen_spec
p_wind_Argentina_AR691,,,gen_spec
p_wind_Argentina_AR692,,,gen_spec
p_wind_Argentina_AR693,,,gen_spec
p_wind_Argentina_AR694,,,gen_spec
p_wind_Argentina_AR695,,,gen_spec
p_wind_Argentina_AR696,,,gen_spec
p_wind_Argentina_AR697,,,gen_spec
p_wind_Argentina_AR719,,,gen_spec
p_wind_Argentina_AR720,,,gen_spec
p_wind_Argentina_AR721,,,gen_spec
p_wind_Argentina_AR722,,,gen_spec
p_wind_Argentina_AR723,,,gen_spec
p_wind_Argentina_AR724,,,gen_spec
p_wind_Argentina_AR725,,,gen_spec
p_wind_Argentina_AR726,,,gen_spec
p_wind_Argentina_AR727,,,gen_spec
p_wind_Argentina_AR728,,,gen_spec
p_wind_Argentina_AR729,,,gen_spec
p_wind_Argentina_AR730,,,gen_spec
p_wind_Argentina_AR731,,,gen_spec
p_wind_Argentina_AR732,,,gen_spec
p_wind_Argentina_AR733,,,gen_spec
p_wind_Argentina_AR734,,,gen_spec
p_wind_Argentina_AR735,,,gen_spec
p_wind_Argentina_AR736,,,gen_spec
p_wind_Argentina_AR737,,,gen_spec
p_wind_Argentina_AR757,,,gen_spec
p_wind_Argentina_AR758,,,gen_spec
p_wind_Argentina_AR759,,,gen_spec
p_wind_Argentina_AR760,,,gen_spec
p_wind_Argentina_AR761,,,gen_spec
p_wind_Argentina_AR762,,,gen_spec
p_wind_Argentina_AR763,,,gen_spec
p_wind_Argentina_AR764,,,gen_spec
p_wind_Argentina_AR765,,,gen_spec
p_wind_Argentina_AR766,,,gen_spec
p_wind_Argentina_AR767,,,gen_spec
p_wind_Argentina_AR768,,,gen_spec
p_wind_Argentina_AR769,,,gen_spec
p_wind_Argentina_AR770,,,gen_spec
p_wind_Argentina_AR771,,,gen_spec
p_wind_Argentina_AR772,,,gen_spec
p_wind_Argentina_AR773,,,gen_spec
p_wind_Argentina_AR774,,,gen_spec
p_wind_Argentina_AR775,,,gen_spec
p_wind_Argentina_AR777,,,gen_spec
p_wind_Argentina_AR778,,,gen_spec
p_wind_Argentina_AR781,,,gen_spec
p_wind_Argentina_AR782,,,gen_spec
p_wind_Argentina_AR783,,,gen_spec
p_wind_Argentina_AR784,,,gen_spec
p_wind_Argentina_AR789,,,gen_spec
p_wind_Argentina_AR790,,,gen_spec
p_wind_Argentina_AR791,,,gen_spec
p_wind_Argentina_AR792,,,gen_spec
p_wind_Argentina_AR793,,,gen_spec
p_wind_Argentina_AR794,,,gen_spec
p_wind_Argentina_AR795,,,gen_spec
p_wind_Argentina_AR796,,,gen_spec
p_wind_Argentina_AR797,,,gen_spec
p_wind_Argentina_AR798,,,gen_spec
p_wind_Argentina_AR799,,,gen_spec
p_wind_Argentina_AR800,,,gen_spec
p_wind_Argentina_AR801,,,gen_spec
p_wind_Argentina_AR802,,,gen_spec
p_wind_Argentina_AR803,,,gen_spec
p_wind_Argentina_AR804,,,gen_spec
p_wind_Argentina_AR805,,,gen_spec
p_wind_Argentina_AR806,,,gen_spec
p_wind_Argentina_AR807,,,gen_spec
p_wind_Argentina_AR808,,,gen_spec
p_wind_Argentina_AR809,,,gen_spec
p_wind_Argentina_AR810,,,gen_spec
p_wind_Argentina_AR811,,,gen_spec
p_wind_Argentina_AR812,,,gen_spec
p_wind_Argentina_AR813,,,gen_spec
p_wind_Argentina_AR814,,,gen_spec
p_wind_Argentina_AR815,,,gen_spec
p_wind_Argentina_AR816,,,gen_spec
p_wind_Argentina_AR817,,,gen_spec
p_wind_Argentina_AR818,,,gen_spec
p_wind_Argentina_AR819,,,gen_spec
p_wind_Argentina_AR820,,,gen_spec
p_wind_Argentina_AR824,,,gen_spec
p_wind_Argentina_AR825,,,gen_spec
p_wind_Argentina_AR826,,,gen_spec
p_wind_Argentina_AR827,,,gen_spec
p_wind_Argentina_AR828,,,gen_spec
p_wind_Argentina_AR829,,,gen_spec
p_wind_Argentina_AR830,,,gen_spec
p_wind_Argentina_AR831,,,gen_spec
p_wind_Argentina_AR832,,,gen_spec
p_wind_Argentina_AR833,,,gen_spec
p_wind_Argentina_AR834,,,gen_spec
p_wind_Argentina_AR835,,,gen_spec
p_wind_Argentina_AR836,,,gen_spec
p_wind_Argentina_AR837,,,gen_spec
p_wind_Argentina_AR838,,,gen_spec
p_wind_Argentina_AR839,,,gen_spec
p_wind_Argentina_AR840,,,gen_spec
p_wind_Argentina_AR841,,,gen_spec
p_wind_Argentina_AR842,,,gen_spec
p_wind_Argentina_AR843,,,gen_spec
p_wind_Argentina_AR844,,,gen_spec
p_wind_Argentina_AR845,,,gen_spec
p_wind_Argentina_AR846,,,gen_spec
p_wind_Argentina_AR847,,,gen_spec
p_wind_Argentina_AR848,,,gen_spec
p_wind_Argentina_AR849,,,gen_spec
p_wind_Argentina_AR850,,,gen_spec
p_wind_Argentina_AR851,,,gen_spec
p_wind_Argentina_AR852,,,gen_spec
p_wind_Argentina_AR853,,,gen_spec
p_wind_Argentina_AR858,,,gen_spec
p_wind_Argentina_AR859,,,gen_spec
p_wind_Argentina_AR860,,,gen_spec
p_wind_Argentina_AR861,,,gen_spec
p_wind_Argentina_AR862,,,gen_spec
p_wind_Argentina_AR863,,,gen_spec
p_wind_Argentina_AR864,,,gen_spec
p_wind_Argentina_AR865,,,gen_spec
p_wind_Argentina_AR866,,,gen_spec
p_wind_Argentina_AR867,,,gen_spec
p_wind_Argentina_AR868,,,gen_spec
p_wind_Argentina_AR869,,,gen_spec
p_wind_Argentina_AR870,,,gen_spec
p_wind_Argentina_AR871,,,gen_spec
p_wind_Argentina_AR872,,,gen_spec
p_wind_Argentina_AR873,,,gen_spec
p_wind_Argentina_AR874,,,gen_spec
p_wind_Argentina_AR875,,,gen_spec
p_wind_Argentina_AR876,,,gen_spec
p_wind_Argentina_AR877,,,gen_spec
p_wind_Argentina_AR878,,,gen_spec
p_wind_Argentina_AR879,,,gen_spec
p_wind_Argentina_AR880,,,gen_spec
p_wind_Argentina_AR881,,,gen_spec
p_wind_Argentina_AR882,,,gen_spec
p_wind_Argentina_AR883,,,gen_spec
p_wind_Argentina_AR890,,,gen_spec
p_wind_Argentina_AR891,,,gen_spec
p_wind_Argentina_AR892,,,gen_spec
p_wind_Argentina_AR893,,,gen_spec
p_wind_Argentina_AR894,,,gen_spec
p_wind_Argentina_AR895,,,gen_spec
p_wind_Argentina_AR896,,,gen_spec
p_wind_Argentina_AR897,,,gen_spec
p_wind_Argentina_AR898,,,gen_spec
p_wind_Argentina_AR899,,,gen_spec
p_wind_Argentina_AR900,,,gen_spec
p_wind_Argentina_AR901,,,gen_spec
p_wind_Argentina_AR902,,,gen_spec
p_wind_Argentina_AR903,,,gen_spec
p_wind_Argentina_AR904,,,gen_spec
p_wind_Argentina_AR905,,,gen_spec
p_wind_Argentina_AR906,,,gen_spec
p_wind_Argentina_AR907,,,gen_spec
p_wind_Argentina_AR908,,,gen_spec
p_wind_Argentina_AR909,,,gen_spec
p_wind_Argentina_AR910,,,gen_spec
p_wind_Argentina_AR911,,,gen_spec
p_wind_Argentina_AR912,,,gen_spec
p_wind_Argentina_AR913,,,gen_spec
p_wind_Argentina_AR921,,,gen_spec
p_wind_Argentina_AR922,,,gen_spec
p_wind_Argentina_AR923,,,gen_spec
p_wind_Argentina_AR924,,,gen_spec
p_wind_Argentina_AR925,,,gen_spec
p_wind_Argentina_AR926,,,gen_spec
p_wind_Argentina_AR927,,,gen_spec
p_wind_Argentina_AR928,,,gen_spec
p_wind_Argentina_AR929,,,gen_spec
p_wind_Argentina_AR930,,,gen_spec
p_wind_Argentina_AR931,,,gen_spec
p_wind_Argentina_AR932,,,gen_spec
p_wind_Argentina_AR933,,,gen_spec
p_wind_Argentina_AR934,,,gen_spec
p_wind_Argentina_AR935,,,gen_spec
p_wind_Argentina_AR936,,,gen_spec
p_wind_Argentina_AR937,,,gen_spec
p_wind_Argentina_AR938,,,gen_spec
p_wind_Argentina_AR939,,,gen_spec
p_wind_Argentina_AR940,,,gen_spec
p_wind_Argentina_AR941,,,gen_spec
p_wind_Argentina_AR942,,,gen_spec
p_wind_Argentina_AR952,,,gen_spec
p_wind_Argentina_AR953,,,gen_spec
p_wind_Argentina_AR954,,,gen_spec
p_wind_Argentina_AR955,,,gen_spec
p_wind_Argentina_AR956,,,gen_spec
p_wind_Argentina_AR957,,,gen_spec
p_wind_Argentina_AR958,,,gen_spec
p_wind_Argentina_AR959,,,gen_spec
p_wind_Argentina_AR960,,,gen_spec
p_wind_Argentina_AR961,,,gen_spec
p_wind_Argentina_AR962,,,gen_spec
p_wind_Argentina_AR963,,,gen_spec
p_wind_Argentina_AR964,,,gen_spec
p_wind_Argentina_AR965,,,gen_spec
p_wind_Argentina_AR966,,,gen_spec
p_wind_Argentina_AR967,,,gen_spec
p_wind_Argentina_AR968,,,gen_spec
p_wind_Argentina_AR969,,,gen_spec
p_wind_Argentina_AR970,,,gen_spec
p_wind_Argentina_AR971,,,gen_spec
p_wind_Argentina_AR983,,,gen_spec
p_wind_Argentina_AR984,,,gen_spec
p_wind_Argentina_AR985,,,gen_spec
p_wind_Argentina_AR986,,,gen_spec
p_wind_Argentina_AR987,,,gen_spec
p_wind_Argentina_AR988,,,gen_spec
p_wind_Argentina_AR989,,,gen_spec
p_wind_Argentina_AR990,,,gen_spec
p_wind_Argentina_AR991,,,gen_spec
p_wind_Argentina_AR992,,,gen_spec
p_wind_Argentina_AR993,,,gen_spec
p_wind_Argentina_AR994,,,gen_spec
p_wind_Argentina_AR995,,,gen_spec
p_wind_Argentina_AR996,,,gen_spec
p_wind_Argentina_AR997,,,gen_spec
p_wind_Argentina_AR998,,,gen_spec
p_wind_Argentina_AR999,,,gen_spec
p_wind_Argentina_AR1000,,,gen_spec
p_wind_Argentina_AR1001,,,gen_spec
p_wind_Argentina_AR1012,,,gen_spec
p_wind_Argentina_AR1013,,,gen_spec
p_wind_Argentina_AR1014,,,gen_spec
p_wind_Argentina_AR1015,,,gen_spec
p_wind_Argentina_AR1016,,,gen_spec
p_wind_Argentina_AR1017,,,gen_spec
p_wind_Argentina_AR1018,,,gen_spec
p_wind_Argentina_AR1019,,,gen_spec
p_wind_Argentina_AR1020,,,gen_spec
p_wind_Argentina_AR1021,,,gen_spec
p_wind_Argentina_AR1022,,,gen_spec
p_wind_Argentina_AR1023,,,gen_spec
p_wind_Argentina_AR1024,,,gen_spec
p_wind_Argentina_AR1025,,,gen_spec
p_wind_Argentina_AR1026,,,gen_spec
p_wind_Argentina_AR1027,,,gen_spec
p_wind_Argentina_AR1028,,,gen_spec
p_wind_Argentina_AR1029,,,gen_spec
p_wind_Argentina_AR1039,,,gen_spec
p_wind_Argentina_AR1040,,,gen_spec
p_wind_Argentina_AR1041,,,gen_spec
p_wind_Argentina_AR1042,,,gen_spec
p_wind_Argentina_AR1043,,,gen_spec
p_wind_Argentina_AR1044,,,gen_spec
p_wind_Argentina_AR1045,,,gen_spec
p_wind_Argentina_AR1046,,,gen_spec
p_wind_Argentina_AR1047,,,gen_spec
p_wind_Argentina_AR1048,,,gen_spec
p_wind_Argentina_AR1049,,,gen_spec
p_wind_Argentina_AR1050,,,gen_spec
p_wind_Argentina_AR1051,,,gen_spec
p_wind_Argentina_AR1052,,,gen_spec
p_wind_Argentina_AR1053,,,gen_spec
p_wind_Argentina_AR1054,,,gen_spec
p_wind_Argentina_AR1055,,,gen_spec
p_wind_Argentina_AR1056,,,gen_spec
p_wind_Argentina_AR1065,,,gen_spec
p_wind_Argentina_AR1066,,,gen_spec
p_wind_Argentina_AR1067,,,gen_spec
p_wind_Argentina_AR1068,,,gen_spec
p_wind_Argentina_AR1069,,,gen_spec
p_wind_Argentina_AR1070,,,gen_spec
p_wind_Argentina_AR1071,,,gen_spec
p_wind_Argentina_AR1072,,,gen_spec
p_wind_Argentina_AR1073,,,gen_spec
p_wind_Argentina_AR1074,,,gen_spec
p_wind_Argentina_AR1075,,,gen_spec
p_wind_Argentina_AR1076,,,gen_spec
p_wind_Argentina_AR1077,,,gen_spec
p_wind_Argentina_AR1078,,,gen_spec
p_wind_Argentina_AR1079,,,gen_spec
p_wind_Argentina_AR1080,,,gen_spec
p_wind_Argentina_AR1081,,,gen_spec
p_wind_Argentina_AR1086,,,gen_spec
p_wind_Argentina_AR1087,,,gen_spec
p_wind_Argentina_AR1088,,,gen_spec
p_wind_Argentina_AR1089,,,gen_spec
p_wind_Argentina_AR1090,,,gen_spec
p_wind_Argentina_AR1091,,,gen_spec
p_wind_Argentina_AR1092,,,gen_spec
p_wind_Argentina_AR1093,,,gen_spec
p_wind_Argentina_AR1094,,,gen_spec
p_wind_Argentina_AR1095,,,gen_spec
p_wind_Argentina_AR1097,,,gen_spec
p_wind_Argentina_AR1098,,,gen_spec
p_wind_Argentina_AR1099,,,gen_spec
p_wind_Argentina_AR1100,,,gen_spec
p_wind_Argentina_AR1102,,,gen_spec
p_wind_Argentina_AR1103,,,gen_spec
p_wind_Argentina_AR1104,,,gen_spec
p_wind_Argentina_AR1105,,,gen_spec
p_wind_Argentina_AR1106,,,gen_spec
p_wind_Argentina_AR1108,,,gen_spec
p_wind_Argentina_AR1109,,,gen_spec
p_wind_Argentina_AR1110,,,gen_spec
p_wind_Argentina_AR1111,,,gen_spec
p_wind_Argentina_AR1112,,,gen_spec
p_wind_Argentina_AR1114,,,gen_spec
p_wind_Argentina_AR1115,,,gen_spec
p_wind_Brazil_BR883,,,gen_spec
p_wind_Brazil_BR932,,,gen_spec
p_wind_Brazil_BR981,,,gen_spec
p_wind_Brazil_BR982,,,gen_spec
p_wind_Brazil_BR983,,,gen_spec
p_wind_Brazil_BR1034,,,gen_spec
p_wind_Brazil_BR1035,,,gen_spec
p_wind_Brazil_BR1036,,,gen_spec
p_wind_Brazil_BR1037,,,gen_spec
p_wind_Brazil_BR1038,,,gen_spec
p_wind_Brazil_BR1039,,,gen_spec
p_wind_Brazil_BR1094,,,gen_spec
p_wind_Brazil_BR1095,,,gen_spec
p_wind_Brazil_BR1096,,,gen_spec
p_wind_Brazil_BR1097,,,gen_spec
p_wind_Brazil_BR1098,,,gen_spec
p_wind_Brazil_BR1155,,,gen_spec
p_wind_Brazil_BR1156,,,gen_spec
p_wind_Brazil_BR1157,,,gen_spec
p_wind_Brazil_BR1158,,,gen_spec
p_wind_Brazil_BR1159,,,gen_spec
p_wind_Brazil_BR1219,,,gen_spec
p_wind_Brazil_BR1220,,,gen_spec
p_wind_Brazil_BR1221,,,gen_spec
p_wind_Brazil_BR1222,,,gen_spec
p_wind_Brazil_BR1223,,,gen_spec
p_wind_Brazil_BR1287,,,gen_spec
p_wind_Brazil_BR1288,,,gen_spec
p_wind_Brazil_BR1289,,,gen_spec
p_wind_Brazil_BR1290,,,gen_spec
p_wind_Brazil_BR1358,,,gen_spec
p_wind_Brazil_BR1359,,,gen_spec
p_wind_Brazil_BR1360,,,gen_spec
p_wind_Brazil_BR1361,,,gen_spec
p_wind_Brazil_BR1429,,,gen_spec
p_wind_Brazil_BR1430,,,gen_spec
p_wind_Brazil_BR1431,,,gen_spec
p_wind_Brazil_BR1432,,,gen_spec
p_wind_Brazil_BR1433,,,gen_spec
p_wind_Brazil_BR1501,,,gen_spec
p_wind_Brazil_BR1502,,,gen_spec
p_wind_Brazil_BR1503,,,gen_spec
p_wind_Brazil_BR1504,,,gen_spec
p_wind_Brazil_BR1574,,,gen_spec
p_wind_Brazil_BR1575,,,gen_spec
p_wind_Brazil_BR1576,,,gen_spec
p_wind_Brazil_BR1577,,,gen_spec
p_wind_Brazil_BR1578,,,gen_spec
p_wind_Brazil_BR1579,,,gen_spec
p_wind_Brazil_BR1646,,,gen_spec
p_wind_Brazil_BR1647,,,gen_spec
p_wind_Brazil_BR1648,,,gen_spec
p_wind_Brazil_BR1712,,,gen_spec
p_wind_Brazil_BR1713,,,gen_spec
p_wind_Brazil_BR1714,,,gen_spec
p_wind_Brazil_BR1715,,,gen_spec
p_wind_Brazil_BR1716,,,gen_spec
p_wind_Brazil_BR1777,,,gen_spec
p_wind_Brazil_BR1778,,,gen_spec
p_wind_Brazil_BR1838,,,gen_spec
p_wind_Brazil_BR1896,,,gen_spec
p_wind_Brazil_BR1897,,,gen_spec
p_wind_Brazil_BR2001,,,gen_spec
p_wind_Brazil_BR2002,,,gen_spec
p_wind_Brazil_BR2050,,,gen_spec
p_wind_Brazil_BR2051,,,gen_spec
p_wind_Brazil_BR2098,,,gen_spec
p_wind_Brazil_BR2144,,,gen_spec
p_wind_Brazil_BR2278,,,gen_spec
p_wind_Brazil_BR2403,,,gen_spec
p_wind_Brazil_BR2444,,,gen_spec
p_wind_Brazil_BR2484,,,gen_spec
p_wind_Brazil_BR2485,,,gen_spec
p_wind_Brazil_BR2524,,,gen_spec
p_wind_Brazil_BR2525,,,gen_spec
p_wind_Brazil_BR2564,,,gen_spec
p_wind_Brazil_BR2602,,,gen_spec
p_wind_Brazil_BR2612,,,gen_spec
p_wind_Brazil_BR2613,,,gen_spec
p_wind_Brazil_BR2638,,,gen_spec
p_wind_Brazil_BR2647,,,gen_spec
p_wind_Brazil_BR2648,,,gen_spec
p_wind_Brazil_BR2649,,,gen_spec
p_wind_Brazil_BR2650,,,gen_spec
p_wind_Brazil_BR2651,,,gen_spec
p_wind_Brazil_BR2652,,,gen_spec
p_wind_Brazil_BR2653,,,gen_spec
p_wind_Brazil_BR2672,,,gen_spec
p_wind_Brazil_BR2673,,,gen_spec
p_wind_Brazil_BR2674,,,gen_spec
p_wind_Brazil_BR2678,,,gen_spec
p_wind_Brazil_BR2679,,,gen_spec
p_wind_Brazil_BR2682,,,gen_spec
p_wind_Brazil_BR2683,,,gen_spec
p_wind_Brazil_BR2684,,,gen_spec
p_wind_Brazil_BR2685,,,gen_spec
p_wind_Brazil_BR2686,,,gen_spec
p_wind_Brazil_BR2687,,,gen_spec
p_wind_Brazil_BR2688,,,gen_spec
p_wind_Brazil_BR2702,,,gen_spec
p_wind_Brazil_BR2703,,,gen_spec
p_wind_Brazil_BR2704,,,gen_spec
p_wind_Brazil_BR2705,,,gen_spec
p_wind_Brazil_BR2706,,,gen_spec
p_wind_Brazil_BR2707,,,gen_spec
p_wind_Brazil_BR2708,,,gen_spec
p_wind_Brazil_BR2709,,,gen_spec
p_wind_Brazil_BR2710,,,gen_spec
p_wind_Brazil_BR2711,,,gen_spec
p_wind_Brazil_BR2716,,,gen_spec
p_wind_Brazil_BR2717,,,gen_spec
p_wind_Brazil_BR2718,,,gen_spec
p_wind_Brazil_BR2719,,,gen_spec
p_wind_Brazil_BR2720,,,gen_spec
p_wind_Brazil_BR2721,,,gen_spec
p_wind_Brazil_BR2725,,,gen_spec
p_wind_Brazil_BR2726,,,gen_spec
p_wind_Brazil_BR2727,,,gen_spec
p_wind_Brazil_BR2728,,,gen_spec
p_wind_Brazil_BR2729,,,gen_spec
p_wind_Brazil_BR2730,,,gen_spec
p_wind_Brazil_BR2731,,,gen_spec
p_wind_Brazil_BR2732,,,gen_spec
p_wind_Brazil_BR2733,,,gen_spec
p_wind_Brazil_BR2734,,,gen_spec
p_wind_Brazil_BR2735,,,gen_spec
p_wind_Brazil_BR2736,,,gen_spec
p_wind_Brazil_BR2737,,,gen_spec
p_wind_Brazil_BR2738,,,gen_spec
p_wind_Brazil_BR2739,,,gen_spec
p_wind_Brazil_BR2740,,,gen_spec
p_wind_Brazil_BR2745,,,gen_spec
p_wind_Brazil_BR2746,,,gen_spec
p_wind_Brazil_BR2747,,,gen_spec
p_wind_Brazil_BR2748,,,gen_spec
p_wind_Brazil_BR2749,,,gen_spec
p_wind_Brazil_BR2750,,,gen_spec
p_wind_Brazil_BR2752,,,gen_spec
p_wind_Brazil_BR2753,,,gen_spec
p_wind_Brazil_BR2754,,,gen_spec
p_wind_Brazil_BR2755,,,gen_spec
p_wind_Brazil_BR2756,,,gen_spec
p_wind_Brazil_BR2762,,,gen_spec
p_wind_Brazil_BR2763,,,gen_spec
p_wind_Brazil_BR2764,,,gen_spec
p_wind_Brazil_BR2765,,,gen_spec
p_wind_Brazil_BR2766,,,gen_spec
p_wind_Brazil_BR2767,,,gen_spec
p_wind_Brazil_BR2768,,,gen_spec
p_wind_Brazil_BR2769,,,gen_spec
p_wind_Brazil_BR2770,,,gen_spec
p_wind_Brazil_BR2771,,,gen_spec
p_wind_Brazil_BR2772,,,gen_spec
p_wind_Brazil_BR2773,,,gen_spec
p_wind_Brazil_BR2774,,,gen_spec
p_wind_Brazil_BR2780,,,gen_spec
p_wind_Brazil_BR2781,,,gen_spec
p_wind_Brazil_BR2782,,,gen_spec
p_wind_Brazil_BR2783,,,gen_spec
p_wind_Brazil_BR2784,,,gen_spec
p_wind_Brazil_BR2785,,,gen_spec
p_wind_Brazil_BR2786,,,gen_spec
p_wind_Brazil_BR2787,,,gen_spec
p_wind_Brazil_BR2788,,,gen_spec
p_wind_Brazil_BR2795,,,gen_spec
p_wind_Brazil_BR2796,,,gen_spec
p_wind_Brazil_BR2797,,,gen_spec
p_wind_Brazil_BR2798,,,gen_spec
p_wind_Brazil_BR2799,,,gen_spec
p_wind_Brazil_BR2800,,,gen_spec
p_wind_Brazil_BR2801,,,gen_spec
p_wind_Brazil_BR2802,,,gen_spec
p_wind_Brazil_BR2803,,,gen_spec
p_wind_Brazil_BR2804,,,gen_spec
p_wind_Brazil_BR2808,,,gen_spec
p_wind_Brazil_BR2809,,,gen_spec
p_wind_Brazil_BR2810,,,gen_spec
p_wind_Brazil_BR2811,,,gen_spec
p_wind_Brazil_BR2812,,,gen_spec
p_wind_Brazil_BR2813,,,gen_spec
p_wind_Brazil_BR2814,,,gen_spec
p_wind_Brazil_BR2819,,,gen_spec
p_wind_Brazil_BR2820,,,gen_spec
p_wind_Brazil_BR2821,,,gen_spec
p_wind_Brazil_BR2823,,,gen_spec
p_wind_Brazil_BR2824,,,gen_spec
p_wind_Brazil_BR2825,,,gen_spec
p_wind_Brazil_BR2826,,,gen_spec
p_wind_Brazil_BR2827,,,gen_spec
p_wind_Brazil_BR2828,,,gen_spec
p_wind_Brazil_BR2829,,,gen_spec
p_wind_Brazil_BR2830,,,gen_spec
p_wind_Brazil_BR2831,,,gen_spec
p_wind_Brazil_BR2832,,,gen_spec
p_wind_Brazil_BR2833,,,gen_spec
p_wind_Brazil_BR2834,,,gen_spec
p_wind_Brazil_BR2835,,,gen_spec
p_wind_Brazil_BR2836,,,gen_spec
p_wind_Brazil_BR2837,,,gen_spec
p_wind_Chile_CL1,,,gen_spec
p_wind_Chile_CL2,,,gen_spec
p_wind_Chile_CL3,,,gen_spec
p_wind_Chile_CL4,,,gen_spec
p_wind_Chile_CL5,,,gen_spec
p_wind_Chile_CL6,,,gen_spec
p_wind_Chile_CL9,,,gen_spec
p_wind_Chile_CL10,,,gen_spec
p_wind_Chile_CL11,,,gen_spec
p_wind_Chile_CL12,,,gen_spec
p_wind_Chile_CL18,,,gen_spec
p_wind_Chile_CL19,,,gen_spec
p_wind_Chile_CL22,,,gen_spec
p_wind_Chile_CL23,,,gen_spec
p_wind_Chile_CL24,,,gen_spec
p_wind_Chile_CL26,,,gen_spec
p_wind_Chile_CL28,,,gen_spec
p_wind_Chile_CL43,,,gen_spec
p_wind_Chile_CL44,,,gen_spec
p_wind_Chile_CL47,,,gen_spec
p_wind_Chile_CL49,,,gen_spec
p_wind_Chile_CL51,,,gen_spec
p_wind_Chile_CL66,,,gen_spec
p_wind_Chile_CL67,,,gen_spec
p_wind_Chile_CL68,,,gen_spec
p_wind_Chile_CL79,,,gen_spec
p_wind_Chile_CL94,,,gen_spec
p_wind_Chile_CL95,,,gen_spec
p_wind_Chile_CL96,,,gen_spec
p_wind_Chile_CL97,,,gen_spec
p_wind_Chile_CL141,,,gen_spec
p_wind_Chile_CL142,,,gen_spec
p_wind_Chile_CL143,,,gen_spec
p_wind_Chile_CL144,,,gen_spec
p_wind_Chile_CL167,,,gen_spec
p_wind_Chile_CL168,,,gen_spec
p_wind_Chile_CL169,,,gen_spec
p_wind_Chile_CL170,,,gen_spec
p_wind_Chile_CL190,,,gen_spec
p_wind_Chile_CL191,,,gen_spec
p_wind_Chile_CL214,,,gen_spec
p_wind_Chile_CL215,,,gen_spec
p_wind_Chile_CL216,,,gen_spec
p_wind_Chile_CL217,,,gen_spec
p_wind_Chile_CL218,,,gen_spec
p_wind_Chile_CL242,,,gen_spec
p_wind_Chile_CL243,,,gen_spec
p_wind_Chile_CL244,,,gen_spec
p_wind_Chile_CL245,,,gen_spec
p_wind_Chile_CL246,,,gen_spec
p_wind_Chile_CL267,,,gen_spec
p_wind_Chile_CL268,,,gen_spec
p_wind_Chile_CL271,,,gen_spec
p_wind_Chile_CL288,,,gen_spec
p_wind_Chile_CL289,,,gen_spec
p_wind_Chile_CL292,,,gen_spec
p_wind_Chile_CL293,,,gen_spec
p_wind_Chile_CL303,,,gen_spec
p_wind_Chile_CL305,,,gen_spec
p_wind_Paraguay_PY1,,,gen_spec
p_wind_Paraguay_PY2,,,gen_spec
p_wind_Paraguay_PY3,,,gen_spec
p_wind_Paraguay_PY4,,,gen_spec
p_wind_Paraguay_PY5,,,gen_spec
p_wind_Paraguay_PY6,,,gen_spec
p_wind_Paraguay_PY7,,,gen_spec
p_wind_Paraguay_PY8,,,gen_spec
p_wind_Paraguay_PY9,,,gen_spec
p_wind_Paraguay_PY10,,,gen_spec
p_wind_Paraguay_PY11,,,gen_spec
p_wind_Paraguay_PY12,,,gen_spec
p_wind_Paraguay_PY13,,,gen_spec
p_wind_Paraguay_PY14,,,gen_spec
p_wind_Paraguay_PY15,,,gen_spec
p_wind_Paraguay_PY16,,,gen_spec
p_wind_Paraguay_PY17,,,gen_spec
p_wind_Paraguay_PY18,,,gen_spec
p_wind_Paraguay_PY19,,,gen_spec
p_wind_Paraguay_PY20,,,gen_spec
p_wind_Paraguay_PY21,,,gen_spec
p_wind_Paraguay_PY22,,,gen_spec
p_wind_Paraguay_PY23,,,gen_spec
p_wind_Paraguay_PY24,,,gen_spec
p_wind_Paraguay_PY25,,,gen_spec
p_wind_Paraguay_PY26,,,gen_spec
p_wind_Paraguay_PY27,,,gen_spec
p_wind_Paraguay_PY28,,,gen_spec
p_wind_Paraguay_PY29,,,gen_spec
p_wind_Paraguay_PY30,,,gen_spec
p_wind_Paraguay_PY31,,,gen_spec
p_wind_Paraguay_PY32,,,gen_spec
p_wind_Paraguay_PY33,,,gen_spec
p_wind_Paraguay_PY34,,,gen_spec
p_wind_Paraguay_PY35,,,gen_spec
p_wind_Paraguay_PY36,,,gen_spec
p_wind_Paraguay_PY37,,,gen_spec
p_wind_Paraguay_PY39,,,gen_spec
p_wind_Paraguay_PY40,,,gen_spec
p_wind_Paraguay_PY41,,,gen_spec
p_wind_Paraguay_PY42,,,gen_spec
p_wind_Paraguay_PY43,,,gen_spec
p_wind_Paraguay_PY44,,,gen_spec
p_wind_Paraguay_PY45,,,gen_spec
p_wind_Paraguay_PY46,,,gen_spec
p_wind_Paraguay_PY48,,,gen_spec
p_wind_Paraguay_PY49,,,gen_spec
p_wind_Paraguay_PY50,,,gen_spec
p_wind_Paraguay_PY51,,,gen_spec
p_wind_Paraguay_PY52,,,gen_spec
p_wind_Paraguay_PY53,,,gen_spec
p_wind_Paraguay_PY54,,,gen_spec
p_wind_Paraguay_PY61,,,gen_spec
p_wind_Paraguay_PY62,,,gen_spec
p_wind_Uruguay_UY1,,,gen_spec
p_wind_Uruguay_UY2,,,gen_spec
p_wind_Uruguay_UY3,,,gen_spec
p_wind_Uruguay_UY4,,,gen_spec
p_wind_Uruguay_UY5,,,gen_spec
p_wind_Uruguay_UY6,,,gen_spec
p_wind_Uruguay_UY7,,,gen_spec
p_wind_Uruguay_UY8,,,gen_spec
p_wind_Uruguay_UY9,,,gen_spec
p_wind_Uruguay_UY10,,,gen_spec
p_wind_Uruguay_UY11,,,gen_spec
p_wind_Uruguay_UY12,,,gen_spec
p_wind_Uruguay_UY13,,,gen_spec
p_wind_Uruguay_UY14,,,gen_spec
p_wind_Uruguay_UY15,,,gen_spec
p_wind_Uruguay_UY16,,,gen_spec
p_wind_Uruguay_UY17,,,gen_spec
p_wind_Uruguay_UY18,,,gen_spec
p_wind_Uruguay_UY19,,,gen_spec
p_wind_Uruguay_UY20,,,gen_spec
p_wind_Uruguay_UY21,,,gen_spec
p_wind_Uruguay_UY22,,,gen_spec
p_wind_Uruguay_UY23,,,gen_spec
p_wind_Uruguay_UY24,,,gen_spec
p_wind_Uruguay_UY25,,,gen_spec
p_wind_Uruguay_UY26,,,gen_spec
p_wind_Uruguay_UY27,,,gen_spec
p_wind_Uruguay_UY28,,,gen_spec
p_wind_Uruguay_UY29,,,gen_spec
p_wind_Uruguay_UY30,,,gen_spec
p_wind_Uruguay_UY31,,,gen_spec
p_wind_Uruguay_UY32,,,gen_spec
p_wind_Uruguay_UY33,,,gen_spec
p_wind_Uruguay_UY34,,,gen_spec
p_wind_Uruguay_UY35,,,gen_spec
p_wind_Uruguay_UY36,,,gen_spec
p_wind_Uruguay_UY37,,,gen_spec
p_wind_Uruguay_UY38,,,gen_spec
p_wind_Uruguay_UY39,,,gen_spec
p_wind_Uruguay_UY40,,,gen_spec
p_wind_Uruguay_UY41,,,gen_spec
p_wind_Uruguay_UY42,,,gen_spec
p_wind_Uruguay_UY43,,,gen_spec
p_wind_Uruguay_UY44,,,gen_spec
p_wind_Uruguay_UY45,,,gen_spec
p_wind_Uruguay_UY46,,,gen_spec
p_wind_Uruguay_UY47,,,gen_spec
p_wind_Uruguay_UY48,,,gen_spec
p_wind_Uruguay_UY49,,,gen_spec
p_wind_Uruguay_UY50,,,gen_spec
p_wind_Uruguay_UY51,,,gen_spec
p_wind_Uruguay_UY52,,,gen_spec
p_wind_Uruguay_UY53,,,gen_spec
p_wind_Uruguay_UY54,,,gen_spec
p_wind_Uruguay_UY55,,,gen_spec
p_wind_Uruguay_UY56,,,gen_spec
p_wind_Uruguay_UY57,,,gen_spec
p_wind_Uruguay_UY58,,,gen_spec
p_wind_Uruguay_UY59,,,gen_spec
p_wind_Uruguay_UY60,,,gen_spec
p_wind_Uruguay_UY61,,,gen_spec
p_wind_Uruguay_UY62,,,gen_spec
p_wind_Uruguay_UY63,,,gen_spec
p_wind_Uruguay_UY64,,,gen_spec
p_wind_Uruguay_UY65,,,gen_spec
p_wind_Uruguay_UY66,,,gen_spec
p_wind_Uruguay_UY67,,,gen_spec
p_wind_Uruguay_UY68,,,gen_spec
p_wind_Uruguay_UY69,,,gen_spec
p_wind_Uruguay_UY70,,,gen_spec
P_Argentina_Battery,,,stor_spec
P_Brazil_Battery,,,stor_spec
P_Chile_Battery,,,stor_spec
P_Paraguay_Battery,,,stor_spec
P_Uruguay_Battery,,,stor_spec
